
> lec-facom@0.1.0 dev
> next dev --port 3000

   ▲ Next.js 16.0.1 (Turbopack)
   - Local:        http://localhost:3000
   - Network:      http://169.254.83.107:3000
   - Environments: .env

 ✓ Starting...
 ✓ Ready in 997ms
 ○ Compiling /news ...
 GET /news 200 in 4.6s (compile: 4.4s, render: 200ms)
prisma:query SELECT "public"."news"."id", "public"."news"."user_id", "public"."news"."title", "public"."news"."description", "public"."news"."content", "public"."news"."news_date", "public"."news"."created_at", "public"."news"."updated_at" FROM "public"."news" WHERE 1=1 ORDER BY "public"."news"."created_at" DESC OFFSET $1
prisma:query SELECT "public"."users"."id", "public"."users"."name", "public"."users"."email", "public"."users"."password", "public"."users"."role"::text, "public"."users"."createdAt", "public"."users"."updatedAt" FROM "public"."users" WHERE "public"."users"."id" IN ($1) OFFSET $2
prisma:query SELECT "public"."news_images"."id", "public"."news_images"."news_id", "public"."news_images"."image_url", "public"."news_images"."caption", "public"."news_images"."created_at", "public"."news_images"."updated_at" FROM "public"."news_images" WHERE "public"."news_images"."news_id" IN ($1) OFFSET $2
 GET /api/news 200 in 326ms (compile: 256ms, render: 70ms)
prisma:query SELECT "public"."events"."id", "public"."events"."user_id", "public"."events"."title", "public"."events"."description", "public"."events"."event_date", "public"."events"."created_at", "public"."events"."updated_at" FROM "public"."events" WHERE 1=1 ORDER BY "public"."events"."event_date" DESC OFFSET $1
 GET /api/events 200 in 203ms (compile: 148ms, render: 55ms)
 GET /news/news-1 200 in 1063ms (compile: 998ms, render: 65ms)
 GET /news 200 in 74ms (compile: 5ms, render: 70ms)
 GET /news 200 in 59ms (compile: 2ms, render: 56ms)
prisma:query SELECT 1
prisma:query SELECT "public"."news"."id", "public"."news"."user_id", "public"."news"."title", "public"."news"."description", "public"."news"."content", "public"."news"."news_date", "public"."news"."created_at", "public"."news"."updated_at" FROM "public"."news" WHERE 1=1 ORDER BY "public"."news"."created_at" DESC OFFSET $1
prisma:query SELECT "public"."users"."id", "public"."users"."name", "public"."users"."email", "public"."users"."password", "public"."users"."role"::text, "public"."users"."createdAt", "public"."users"."updatedAt" FROM "public"."users" WHERE "public"."users"."id" IN ($1) OFFSET $2
prisma:query SELECT "public"."news_images"."id", "public"."news_images"."news_id", "public"."news_images"."image_url", "public"."news_images"."caption", "public"."news_images"."created_at", "public"."news_images"."updated_at" FROM "public"."news_images" WHERE "public"."news_images"."news_id" IN ($1) OFFSET $2
prisma:query SELECT "public"."events"."id", "public"."events"."user_id", "public"."events"."title", "public"."events"."description", "public"."events"."event_date", "public"."events"."created_at", "public"."events"."updated_at" FROM "public"."events" WHERE 1=1 ORDER BY "public"."events"."event_date" DESC OFFSET $1
 GET /api/news 200 in 20ms (compile: 5ms, render: 15ms)
 GET /api/events 200 in 24ms (compile: 9ms, render: 15ms)
 GET /api/auth/session 200 in 951ms (compile: 930ms, render: 21ms)
 GET /news/news-1 200 in 25ms (compile: 8ms, render: 18ms)
prisma:query SELECT "public"."news"."id", "public"."news"."user_id", "public"."news"."title", "public"."news"."description", "public"."news"."content", "public"."news"."news_date", "public"."news"."created_at", "public"."news"."updated_at" FROM "public"."news" WHERE ("public"."news"."id" = $1 AND 1=1) LIMIT $2 OFFSET $3
prisma:query SELECT "public"."users"."id", "public"."users"."name", "public"."users"."email", "public"."users"."password", "public"."users"."role"::text, "public"."users"."createdAt", "public"."users"."updatedAt" FROM "public"."users" WHERE "public"."users"."id" IN ($1) OFFSET $2
prisma:query SELECT "public"."news_images"."id", "public"."news_images"."news_id", "public"."news_images"."image_url", "public"."news_images"."caption", "public"."news_images"."created_at", "public"."news_images"."updated_at" FROM "public"."news_images" WHERE "public"."news_images"."news_id" IN ($1) OFFSET $2
 GET /api/news/1 200 in 697ms (compile: 687ms, render: 9ms)
prisma:query SELECT "public"."news"."id", "public"."news"."user_id", "public"."news"."title", "public"."news"."description", "public"."news"."content", "public"."news"."news_date", "public"."news"."created_at", "public"."news"."updated_at" FROM "public"."news" WHERE ("public"."news"."id" = $1 AND 1=1) LIMIT $2 OFFSET $3
prisma:query SELECT "public"."users"."id", "public"."users"."name", "public"."users"."email", "public"."users"."password", "public"."users"."role"::text, "public"."users"."createdAt", "public"."users"."updatedAt" FROM "public"."users" WHERE "public"."users"."id" IN ($1) OFFSET $2
prisma:query SELECT "public"."news_images"."id", "public"."news_images"."news_id", "public"."news_images"."image_url", "public"."news_images"."caption", "public"."news_images"."created_at", "public"."news_images"."updated_at" FROM "public"."news_images" WHERE "public"."news_images"."news_id" IN ($1) OFFSET $2
 GET /api/news/1 200 in 12ms (compile: 7ms, render: 5ms)
prisma:query SELECT "public"."news"."id", "public"."news"."user_id", "public"."news"."title", "public"."news"."description", "public"."news"."content", "public"."news"."news_date", "public"."news"."created_at", "public"."news"."updated_at" FROM "public"."news" WHERE 1=1 ORDER BY "public"."news"."created_at" DESC OFFSET $1
prisma:query SELECT "public"."users"."id", "public"."users"."name", "public"."users"."email", "public"."users"."password", "public"."users"."role"::text, "public"."users"."createdAt", "public"."users"."updatedAt" FROM "public"."users" WHERE "public"."users"."id" IN ($1) OFFSET $2
prisma:query SELECT "public"."news_images"."id", "public"."news_images"."news_id", "public"."news_images"."image_url", "public"."news_images"."caption", "public"."news_images"."created_at", "public"."news_images"."updated_at" FROM "public"."news_images" WHERE "public"."news_images"."news_id" IN ($1) OFFSET $2
 GET /api/news 200 in 15ms (compile: 4ms, render: 12ms)
prisma:query SELECT "public"."events"."id", "public"."events"."user_id", "public"."events"."title", "public"."events"."description", "public"."events"."event_date", "public"."events"."created_at", "public"."events"."updated_at" FROM "public"."events" WHERE 1=1 ORDER BY "public"."events"."event_date" DESC OFFSET $1
 GET /api/events 200 in 9ms (compile: 3ms, render: 6ms)
prisma:query SELECT "public"."news"."id", "public"."news"."user_id", "public"."news"."title", "public"."news"."description", "public"."news"."content", "public"."news"."news_date", "public"."news"."created_at", "public"."news"."updated_at" FROM "public"."news" WHERE 1=1 ORDER BY "public"."news"."created_at" DESC OFFSET $1
prisma:query SELECT "public"."users"."id", "public"."users"."name", "public"."users"."email", "public"."users"."password", "public"."users"."role"::text, "public"."users"."createdAt", "public"."users"."updatedAt" FROM "public"."users" WHERE "public"."users"."id" IN ($1) OFFSET $2
prisma:query SELECT "public"."news_images"."id", "public"."news_images"."news_id", "public"."news_images"."image_url", "public"."news_images"."caption", "public"."news_images"."created_at", "public"."news_images"."updated_at" FROM "public"."news_images" WHERE "public"."news_images"."news_id" IN ($1) OFFSET $2
prisma:query SELECT "public"."events"."id", "public"."events"."user_id", "public"."events"."title", "public"."events"."description", "public"."events"."event_date", "public"."events"."created_at", "public"."events"."updated_at" FROM "public"."events" WHERE 1=1 ORDER BY "public"."events"."event_date" DESC OFFSET $1
 GET /api/news 200 in 11ms (compile: 1781µs, render: 9ms)
 GET /api/events 200 in 12ms (compile: 6ms, render: 6ms)
 GET /news/news-1 200 in 24ms (compile: 8ms, render: 16ms)
prisma:query SELECT 1
prisma:query SELECT "public"."news"."id", "public"."news"."user_id", "public"."news"."title", "public"."news"."description", "public"."news"."content", "public"."news"."news_date", "public"."news"."created_at", "public"."news"."updated_at" FROM "public"."news" WHERE ("public"."news"."id" = $1 AND 1=1) LIMIT $2 OFFSET $3
prisma:query SELECT "public"."users"."id", "public"."users"."name", "public"."users"."email", "public"."users"."password", "public"."users"."role"::text, "public"."users"."createdAt", "public"."users"."updatedAt" FROM "public"."users" WHERE "public"."users"."id" IN ($1) OFFSET $2
prisma:query SELECT "public"."news_images"."id", "public"."news_images"."news_id", "public"."news_images"."image_url", "public"."news_images"."caption", "public"."news_images"."created_at", "public"."news_images"."updated_at" FROM "public"."news_images" WHERE "public"."news_images"."news_id" IN ($1) OFFSET $2
 GET /api/news/1 200 in 18ms (compile: 10ms, render: 8ms)
prisma:query SELECT "public"."news"."id", "public"."news"."user_id", "public"."news"."title", "public"."news"."description", "public"."news"."content", "public"."news"."news_date", "public"."news"."created_at", "public"."news"."updated_at" FROM "public"."news" WHERE ("public"."news"."id" = $1 AND 1=1) LIMIT $2 OFFSET $3
prisma:query SELECT "public"."users"."id", "public"."users"."name", "public"."users"."email", "public"."users"."password", "public"."users"."role"::text, "public"."users"."createdAt", "public"."users"."updatedAt" FROM "public"."users" WHERE "public"."users"."id" IN ($1) OFFSET $2
prisma:query SELECT "public"."news_images"."id", "public"."news_images"."news_id", "public"."news_images"."image_url", "public"."news_images"."caption", "public"."news_images"."created_at", "public"."news_images"."updated_at" FROM "public"."news_images" WHERE "public"."news_images"."news_id" IN ($1) OFFSET $2
 GET /api/news/1 200 in 10ms (compile: 3ms, render: 7ms)
 GET /news 200 in 18ms (compile: 2ms, render: 16ms)
prisma:query SELECT "public"."news"."id", "public"."news"."user_id", "public"."news"."title", "public"."news"."description", "public"."news"."content", "public"."news"."news_date", "public"."news"."created_at", "public"."news"."updated_at" FROM "public"."news" WHERE 1=1 ORDER BY "public"."news"."created_at" DESC OFFSET $1
prisma:query SELECT "public"."users"."id", "public"."users"."name", "public"."users"."email", "public"."users"."password", "public"."users"."role"::text, "public"."users"."createdAt", "public"."users"."updatedAt" FROM "public"."users" WHERE "public"."users"."id" IN ($1) OFFSET $2
prisma:query SELECT "public"."news_images"."id", "public"."news_images"."news_id", "public"."news_images"."image_url", "public"."news_images"."caption", "public"."news_images"."created_at", "public"."news_images"."updated_at" FROM "public"."news_images" WHERE "public"."news_images"."news_id" IN ($1) OFFSET $2
prisma:query SELECT "public"."events"."id", "public"."events"."user_id", "public"."events"."title", "public"."events"."description", "public"."events"."event_date", "public"."events"."created_at", "public"."events"."updated_at" FROM "public"."events" WHERE 1=1 ORDER BY "public"."events"."event_date" DESC OFFSET $1
 GET /api/news 200 in 14ms (compile: 3ms, render: 11ms)
 GET /api/events 200 in 16ms (compile: 8ms, render: 8ms)
prisma:query SELECT "public"."news"."id", "public"."news"."user_id", "public"."news"."title", "public"."news"."description", "public"."news"."content", "public"."news"."news_date", "public"."news"."created_at", "public"."news"."updated_at" FROM "public"."news" WHERE 1=1 ORDER BY "public"."news"."created_at" DESC OFFSET $1
prisma:query SELECT "public"."users"."id", "public"."users"."name", "public"."users"."email", "public"."users"."password", "public"."users"."role"::text, "public"."users"."createdAt", "public"."users"."updatedAt" FROM "public"."users" WHERE "public"."users"."id" IN ($1) OFFSET $2
prisma:query SELECT "public"."news_images"."id", "public"."news_images"."news_id", "public"."news_images"."image_url", "public"."news_images"."caption", "public"."news_images"."created_at", "public"."news_images"."updated_at" FROM "public"."news_images" WHERE "public"."news_images"."news_id" IN ($1) OFFSET $2
prisma:query SELECT "public"."events"."id", "public"."events"."user_id", "public"."events"."title", "public"."events"."description", "public"."events"."event_date", "public"."events"."created_at", "public"."events"."updated_at" FROM "public"."events" WHERE 1=1 ORDER BY "public"."events"."event_date" DESC OFFSET $1
 GET /api/news 200 in 11ms (compile: 2ms, render: 9ms)
 GET /api/events 200 in 11ms (compile: 6ms, render: 6ms)
 GET /projects 200 in 549ms (compile: 531ms, render: 18ms)
prisma:query SELECT "public"."project"."id", "public"."project"."createdAt", "public"."project"."updatedAt", "public"."project"."title", "public"."project"."description", "public"."project"."content", "public"."project"."status"::text, "public"."project"."user_id" FROM "public"."project" WHERE 1=1 OFFSET $1
prisma:query SELECT "public"."project_images"."id", "public"."project_images"."project_id", "public"."project_images"."image_url", "public"."project_images"."caption", "public"."project_images"."created_at", "public"."project_images"."updated_at" FROM "public"."project_images" WHERE "public"."project_images"."project_id" IN ($1,$2,$3) OFFSET $4
prisma:query SELECT "public"."_projectToproject_tags"."A", "public"."_projectToproject_tags"."B" FROM "public"."_projectToproject_tags" WHERE "public"."_projectToproject_tags"."A" IN ($1,$2,$3)
prisma:query SELECT "public"."users"."id", "public"."users"."name", "public"."users"."email", "public"."users"."password", "public"."users"."role"::text, "public"."users"."createdAt", "public"."users"."updatedAt" FROM "public"."users" WHERE "public"."users"."id" IN ($1) OFFSET $2
 GET /api/project 200 in 108ms (compile: 96ms, render: 12ms)
prisma:query SELECT "public"."project"."id", "public"."project"."createdAt", "public"."project"."updatedAt", "public"."project"."title", "public"."project"."description", "public"."project"."content", "public"."project"."status"::text, "public"."project"."user_id" FROM "public"."project" WHERE 1=1 OFFSET $1
prisma:query SELECT "public"."project_images"."id", "public"."project_images"."project_id", "public"."project_images"."image_url", "public"."project_images"."caption", "public"."project_images"."created_at", "public"."project_images"."updated_at" FROM "public"."project_images" WHERE "public"."project_images"."project_id" IN ($1,$2,$3) OFFSET $4
prisma:query SELECT "public"."_projectToproject_tags"."A", "public"."_projectToproject_tags"."B" FROM "public"."_projectToproject_tags" WHERE "public"."_projectToproject_tags"."A" IN ($1,$2,$3)
prisma:query SELECT "public"."users"."id", "public"."users"."name", "public"."users"."email", "public"."users"."password", "public"."users"."role"::text, "public"."users"."createdAt", "public"."users"."updatedAt" FROM "public"."users" WHERE "public"."users"."id" IN ($1) OFFSET $2
 GET /api/project 200 in 7ms (compile: 1700µs, render: 5ms)
 GET /news 200 in 16ms (compile: 2ms, render: 13ms)
prisma:query SELECT "public"."news"."id", "public"."news"."user_id", "public"."news"."title", "public"."news"."description", "public"."news"."content", "public"."news"."news_date", "public"."news"."created_at", "public"."news"."updated_at" FROM "public"."news" WHERE 1=1 ORDER BY "public"."news"."created_at" DESC OFFSET $1
prisma:query SELECT "public"."users"."id", "public"."users"."name", "public"."users"."email", "public"."users"."password", "public"."users"."role"::text, "public"."users"."createdAt", "public"."users"."updatedAt" FROM "public"."users" WHERE "public"."users"."id" IN ($1) OFFSET $2
prisma:query SELECT "public"."news_images"."id", "public"."news_images"."news_id", "public"."news_images"."image_url", "public"."news_images"."caption", "public"."news_images"."created_at", "public"."news_images"."updated_at" FROM "public"."news_images" WHERE "public"."news_images"."news_id" IN ($1) OFFSET $2
prisma:query SELECT "public"."events"."id", "public"."events"."user_id", "public"."events"."title", "public"."events"."description", "public"."events"."event_date", "public"."events"."created_at", "public"."events"."updated_at" FROM "public"."events" WHERE 1=1 ORDER BY "public"."events"."event_date" DESC OFFSET $1
 GET /api/news 200 in 14ms (compile: 3ms, render: 12ms)
 GET /api/events 200 in 16ms (compile: 7ms, render: 9ms)
prisma:query SELECT "public"."news"."id", "public"."news"."user_id", "public"."news"."title", "public"."news"."description", "public"."news"."content", "public"."news"."news_date", "public"."news"."created_at", "public"."news"."updated_at" FROM "public"."news" WHERE 1=1 ORDER BY "public"."news"."created_at" DESC OFFSET $1
prisma:query SELECT "public"."users"."id", "public"."users"."name", "public"."users"."email", "public"."users"."password", "public"."users"."role"::text, "public"."users"."createdAt", "public"."users"."updatedAt" FROM "public"."users" WHERE "public"."users"."id" IN ($1) OFFSET $2
prisma:query SELECT "public"."news_images"."id", "public"."news_images"."news_id", "public"."news_images"."image_url", "public"."news_images"."caption", "public"."news_images"."created_at", "public"."news_images"."updated_at" FROM "public"."news_images" WHERE "public"."news_images"."news_id" IN ($1) OFFSET $2
prisma:query SELECT "public"."events"."id", "public"."events"."user_id", "public"."events"."title", "public"."events"."description", "public"."events"."event_date", "public"."events"."created_at", "public"."events"."updated_at" FROM "public"."events" WHERE 1=1 ORDER BY "public"."events"."event_date" DESC OFFSET $1
 GET /api/news 200 in 12ms (compile: 3ms, render: 10ms)
 GET /api/events 200 in 14ms (compile: 6ms, render: 8ms)
 GET /projects 200 in 14ms (compile: 2ms, render: 11ms)
prisma:query SELECT "public"."project"."id", "public"."project"."createdAt", "public"."project"."updatedAt", "public"."project"."title", "public"."project"."description", "public"."project"."content", "public"."project"."status"::text, "public"."project"."user_id" FROM "public"."project" WHERE 1=1 OFFSET $1
prisma:query SELECT "public"."project_images"."id", "public"."project_images"."project_id", "public"."project_images"."image_url", "public"."project_images"."caption", "public"."project_images"."created_at", "public"."project_images"."updated_at" FROM "public"."project_images" WHERE "public"."project_images"."project_id" IN ($1,$2,$3) OFFSET $4
prisma:query SELECT "public"."_projectToproject_tags"."A", "public"."_projectToproject_tags"."B" FROM "public"."_projectToproject_tags" WHERE "public"."_projectToproject_tags"."A" IN ($1,$2,$3)
prisma:query SELECT "public"."users"."id", "public"."users"."name", "public"."users"."email", "public"."users"."password", "public"."users"."role"::text, "public"."users"."createdAt", "public"."users"."updatedAt" FROM "public"."users" WHERE "public"."users"."id" IN ($1) OFFSET $2
 GET /api/project 200 in 9ms (compile: 2ms, render: 6ms)
prisma:query SELECT "public"."project"."id", "public"."project"."createdAt", "public"."project"."updatedAt", "public"."project"."title", "public"."project"."description", "public"."project"."content", "public"."project"."status"::text, "public"."project"."user_id" FROM "public"."project" WHERE 1=1 OFFSET $1
prisma:query SELECT "public"."project_images"."id", "public"."project_images"."project_id", "public"."project_images"."image_url", "public"."project_images"."caption", "public"."project_images"."created_at", "public"."project_images"."updated_at" FROM "public"."project_images" WHERE "public"."project_images"."project_id" IN ($1,$2,$3) OFFSET $4
prisma:query SELECT "public"."_projectToproject_tags"."A", "public"."_projectToproject_tags"."B" FROM "public"."_projectToproject_tags" WHERE "public"."_projectToproject_tags"."A" IN ($1,$2,$3)
prisma:query SELECT "public"."users"."id", "public"."users"."name", "public"."users"."email", "public"."users"."password", "public"."users"."role"::text, "public"."users"."createdAt", "public"."users"."updatedAt" FROM "public"."users" WHERE "public"."users"."id" IN ($1) OFFSET $2
 GET /api/project 200 in 9ms (compile: 2ms, render: 7ms)
 GET /resources 200 in 368ms (compile: 351ms, render: 17ms)
prisma:query SELECT "public"."project"."id", "public"."project"."createdAt", "public"."project"."updatedAt", "public"."project"."title", "public"."project"."description", "public"."project"."content", "public"."project"."status"::text, "public"."project"."user_id" FROM "public"."project" WHERE 1=1 OFFSET $1
prisma:query SELECT "public"."project_images"."id", "public"."project_images"."project_id", "public"."project_images"."image_url", "public"."project_images"."caption", "public"."project_images"."created_at", "public"."project_images"."updated_at" FROM "public"."project_images" WHERE "public"."project_images"."project_id" IN ($1,$2,$3) OFFSET $4
prisma:query SELECT "public"."_projectToproject_tags"."A", "public"."_projectToproject_tags"."B" FROM "public"."_projectToproject_tags" WHERE "public"."_projectToproject_tags"."A" IN ($1,$2,$3)
prisma:query SELECT "public"."users"."id", "public"."users"."name", "public"."users"."email", "public"."users"."password", "public"."users"."role"::text, "public"."users"."createdAt", "public"."users"."updatedAt" FROM "public"."users" WHERE "public"."users"."id" IN ($1) OFFSET $2
 GET /api/project 200 in 10ms (compile: 2ms, render: 8ms)
prisma:query SELECT "public"."project"."id", "public"."project"."createdAt", "public"."project"."updatedAt", "public"."project"."title", "public"."project"."description", "public"."project"."content", "public"."project"."status"::text, "public"."project"."user_id" FROM "public"."project" WHERE 1=1 OFFSET $1
prisma:query SELECT "public"."project_images"."id", "public"."project_images"."project_id", "public"."project_images"."image_url", "public"."project_images"."caption", "public"."project_images"."created_at", "public"."project_images"."updated_at" FROM "public"."project_images" WHERE "public"."project_images"."project_id" IN ($1,$2,$3) OFFSET $4
prisma:query SELECT "public"."_projectToproject_tags"."A", "public"."_projectToproject_tags"."B" FROM "public"."_projectToproject_tags" WHERE "public"."_projectToproject_tags"."A" IN ($1,$2,$3)
prisma:query SELECT "public"."users"."id", "public"."users"."name", "public"."users"."email", "public"."users"."password", "public"."users"."role"::text, "public"."users"."createdAt", "public"."users"."updatedAt" FROM "public"."users" WHERE "public"."users"."id" IN ($1) OFFSET $2
 GET /api/project 200 in 8ms (compile: 2ms, render: 6ms)
 GET /projects 200 in 13ms (compile: 2ms, render: 10ms)
prisma:query SELECT "public"."project"."id", "public"."project"."createdAt", "public"."project"."updatedAt", "public"."project"."title", "public"."project"."description", "public"."project"."content", "public"."project"."status"::text, "public"."project"."user_id" FROM "public"."project" WHERE 1=1 OFFSET $1
prisma:query SELECT "public"."project_images"."id", "public"."project_images"."project_id", "public"."project_images"."image_url", "public"."project_images"."caption", "public"."project_images"."created_at", "public"."project_images"."updated_at" FROM "public"."project_images" WHERE "public"."project_images"."project_id" IN ($1,$2,$3) OFFSET $4
prisma:query SELECT "public"."_projectToproject_tags"."A", "public"."_projectToproject_tags"."B" FROM "public"."_projectToproject_tags" WHERE "public"."_projectToproject_tags"."A" IN ($1,$2,$3)
prisma:query SELECT "public"."users"."id", "public"."users"."name", "public"."users"."email", "public"."users"."password", "public"."users"."role"::text, "public"."users"."createdAt", "public"."users"."updatedAt" FROM "public"."users" WHERE "public"."users"."id" IN ($1) OFFSET $2
 GET /api/project 200 in 8ms (compile: 2ms, render: 6ms)
prisma:query SELECT "public"."project"."id", "public"."project"."createdAt", "public"."project"."updatedAt", "public"."project"."title", "public"."project"."description", "public"."project"."content", "public"."project"."status"::text, "public"."project"."user_id" FROM "public"."project" WHERE 1=1 OFFSET $1
prisma:query SELECT "public"."project_images"."id", "public"."project_images"."project_id", "public"."project_images"."image_url", "public"."project_images"."caption", "public"."project_images"."created_at", "public"."project_images"."updated_at" FROM "public"."project_images" WHERE "public"."project_images"."project_id" IN ($1,$2,$3) OFFSET $4
prisma:query SELECT "public"."_projectToproject_tags"."A", "public"."_projectToproject_tags"."B" FROM "public"."_projectToproject_tags" WHERE "public"."_projectToproject_tags"."A" IN ($1,$2,$3)
prisma:query SELECT "public"."users"."id", "public"."users"."name", "public"."users"."email", "public"."users"."password", "public"."users"."role"::text, "public"."users"."createdAt", "public"."users"."updatedAt" FROM "public"."users" WHERE "public"."users"."id" IN ($1) OFFSET $2
 GET /api/project 200 in 8ms (compile: 1959µs, render: 6ms)
 GET /news 200 in 12ms (compile: 2ms, render: 10ms)
prisma:query SELECT "public"."news"."id", "public"."news"."user_id", "public"."news"."title", "public"."news"."description", "public"."news"."content", "public"."news"."news_date", "public"."news"."created_at", "public"."news"."updated_at" FROM "public"."news" WHERE 1=1 ORDER BY "public"."news"."created_at" DESC OFFSET $1
prisma:query SELECT "public"."users"."id", "public"."users"."name", "public"."users"."email", "public"."users"."password", "public"."users"."role"::text, "public"."users"."createdAt", "public"."users"."updatedAt" FROM "public"."users" WHERE "public"."users"."id" IN ($1) OFFSET $2
prisma:query SELECT "public"."news_images"."id", "public"."news_images"."news_id", "public"."news_images"."image_url", "public"."news_images"."caption", "public"."news_images"."created_at", "public"."news_images"."updated_at" FROM "public"."news_images" WHERE "public"."news_images"."news_id" IN ($1) OFFSET $2
prisma:query SELECT "public"."events"."id", "public"."events"."user_id", "public"."events"."title", "public"."events"."description", "public"."events"."event_date", "public"."events"."created_at", "public"."events"."updated_at" FROM "public"."events" WHERE 1=1 ORDER BY "public"."events"."event_date" DESC OFFSET $1
 GET /api/news 200 in 16ms (compile: 3ms, render: 13ms)
 GET /api/events 200 in 17ms (compile: 6ms, render: 10ms)
prisma:query SELECT "public"."news"."id", "public"."news"."user_id", "public"."news"."title", "public"."news"."description", "public"."news"."content", "public"."news"."news_date", "public"."news"."created_at", "public"."news"."updated_at" FROM "public"."news" WHERE 1=1 ORDER BY "public"."news"."created_at" DESC OFFSET $1
prisma:query SELECT "public"."users"."id", "public"."users"."name", "public"."users"."email", "public"."users"."password", "public"."users"."role"::text, "public"."users"."createdAt", "public"."users"."updatedAt" FROM "public"."users" WHERE "public"."users"."id" IN ($1) OFFSET $2
prisma:query SELECT "public"."news_images"."id", "public"."news_images"."news_id", "public"."news_images"."image_url", "public"."news_images"."caption", "public"."news_images"."created_at", "public"."news_images"."updated_at" FROM "public"."news_images" WHERE "public"."news_images"."news_id" IN ($1) OFFSET $2
prisma:query SELECT "public"."events"."id", "public"."events"."user_id", "public"."events"."title", "public"."events"."description", "public"."events"."event_date", "public"."events"."created_at", "public"."events"."updated_at" FROM "public"."events" WHERE 1=1 ORDER BY "public"."events"."event_date" DESC OFFSET $1
 GET /api/news 200 in 11ms (compile: 2ms, render: 9ms)
 GET /api/events 200 in 12ms (compile: 6ms, render: 6ms)
 GET /projects 200 in 12ms (compile: 2ms, render: 10ms)
prisma:query SELECT "public"."project"."id", "public"."project"."createdAt", "public"."project"."updatedAt", "public"."project"."title", "public"."project"."description", "public"."project"."content", "public"."project"."status"::text, "public"."project"."user_id" FROM "public"."project" WHERE 1=1 OFFSET $1
prisma:query SELECT "public"."project_images"."id", "public"."project_images"."project_id", "public"."project_images"."image_url", "public"."project_images"."caption", "public"."project_images"."created_at", "public"."project_images"."updated_at" FROM "public"."project_images" WHERE "public"."project_images"."project_id" IN ($1,$2,$3) OFFSET $4
prisma:query SELECT "public"."_projectToproject_tags"."A", "public"."_projectToproject_tags"."B" FROM "public"."_projectToproject_tags" WHERE "public"."_projectToproject_tags"."A" IN ($1,$2,$3)
prisma:query SELECT "public"."users"."id", "public"."users"."name", "public"."users"."email", "public"."users"."password", "public"."users"."role"::text, "public"."users"."createdAt", "public"."users"."updatedAt" FROM "public"."users" WHERE "public"."users"."id" IN ($1) OFFSET $2
 GET /api/project 200 in 9ms (compile: 2ms, render: 7ms)
prisma:query SELECT "public"."project"."id", "public"."project"."createdAt", "public"."project"."updatedAt", "public"."project"."title", "public"."project"."description", "public"."project"."content", "public"."project"."status"::text, "public"."project"."user_id" FROM "public"."project" WHERE 1=1 OFFSET $1
prisma:query SELECT "public"."project_images"."id", "public"."project_images"."project_id", "public"."project_images"."image_url", "public"."project_images"."caption", "public"."project_images"."created_at", "public"."project_images"."updated_at" FROM "public"."project_images" WHERE "public"."project_images"."project_id" IN ($1,$2,$3) OFFSET $4
prisma:query SELECT "public"."_projectToproject_tags"."A", "public"."_projectToproject_tags"."B" FROM "public"."_projectToproject_tags" WHERE "public"."_projectToproject_tags"."A" IN ($1,$2,$3)
prisma:query SELECT "public"."users"."id", "public"."users"."name", "public"."users"."email", "public"."users"."password", "public"."users"."role"::text, "public"."users"."createdAt", "public"."users"."updatedAt" FROM "public"."users" WHERE "public"."users"."id" IN ($1) OFFSET $2
 GET /api/project 200 in 8ms (compile: 2ms, render: 6ms)
 GET /news 200 in 12ms (compile: 2ms, render: 10ms)
prisma:query SELECT "public"."news"."id", "public"."news"."user_id", "public"."news"."title", "public"."news"."description", "public"."news"."content", "public"."news"."news_date", "public"."news"."created_at", "public"."news"."updated_at" FROM "public"."news" WHERE 1=1 ORDER BY "public"."news"."created_at" DESC OFFSET $1
prisma:query SELECT "public"."users"."id", "public"."users"."name", "public"."users"."email", "public"."users"."password", "public"."users"."role"::text, "public"."users"."createdAt", "public"."users"."updatedAt" FROM "public"."users" WHERE "public"."users"."id" IN ($1) OFFSET $2
prisma:query SELECT "public"."news_images"."id", "public"."news_images"."news_id", "public"."news_images"."image_url", "public"."news_images"."caption", "public"."news_images"."created_at", "public"."news_images"."updated_at" FROM "public"."news_images" WHERE "public"."news_images"."news_id" IN ($1) OFFSET $2
prisma:query SELECT "public"."events"."id", "public"."events"."user_id", "public"."events"."title", "public"."events"."description", "public"."events"."event_date", "public"."events"."created_at", "public"."events"."updated_at" FROM "public"."events" WHERE 1=1 ORDER BY "public"."events"."event_date" DESC OFFSET $1
 GET /api/news 200 in 17ms (compile: 2ms, render: 15ms)
 GET /api/events 200 in 19ms (compile: 9ms, render: 10ms)
prisma:query SELECT "public"."news"."id", "public"."news"."user_id", "public"."news"."title", "public"."news"."description", "public"."news"."content", "public"."news"."news_date", "public"."news"."created_at", "public"."news"."updated_at" FROM "public"."news" WHERE 1=1 ORDER BY "public"."news"."created_at" DESC OFFSET $1
prisma:query SELECT "public"."users"."id", "public"."users"."name", "public"."users"."email", "public"."users"."password", "public"."users"."role"::text, "public"."users"."createdAt", "public"."users"."updatedAt" FROM "public"."users" WHERE "public"."users"."id" IN ($1) OFFSET $2
prisma:query SELECT "public"."news_images"."id", "public"."news_images"."news_id", "public"."news_images"."image_url", "public"."news_images"."caption", "public"."news_images"."created_at", "public"."news_images"."updated_at" FROM "public"."news_images" WHERE "public"."news_images"."news_id" IN ($1) OFFSET $2
prisma:query SELECT "public"."events"."id", "public"."events"."user_id", "public"."events"."title", "public"."events"."description", "public"."events"."event_date", "public"."events"."created_at", "public"."events"."updated_at" FROM "public"."events" WHERE 1=1 ORDER BY "public"."events"."event_date" DESC OFFSET $1
 GET /api/news 200 in 11ms (compile: 2ms, render: 9ms)
 GET /api/events 200 in 12ms (compile: 6ms, render: 6ms)
 GET /sobre 200 in 281ms (compile: 259ms, render: 23ms)
 GET / 200 in 669ms (compile: 649ms, render: 20ms)
 GET /sobre 200 in 18ms (compile: 2ms, render: 15ms)
 GET /news 200 in 12ms (compile: 2ms, render: 10ms)
prisma:query SELECT 1
prisma:query SELECT "public"."news"."id", "public"."news"."user_id", "public"."news"."title", "public"."news"."description", "public"."news"."content", "public"."news"."news_date", "public"."news"."created_at", "public"."news"."updated_at" FROM "public"."news" WHERE 1=1 ORDER BY "public"."news"."created_at" DESC OFFSET $1
prisma:query SELECT "public"."users"."id", "public"."users"."name", "public"."users"."email", "public"."users"."password", "public"."users"."role"::text, "public"."users"."createdAt", "public"."users"."updatedAt" FROM "public"."users" WHERE "public"."users"."id" IN ($1) OFFSET $2
prisma:query SELECT "public"."news_images"."id", "public"."news_images"."news_id", "public"."news_images"."image_url", "public"."news_images"."caption", "public"."news_images"."created_at", "public"."news_images"."updated_at" FROM "public"."news_images" WHERE "public"."news_images"."news_id" IN ($1) OFFSET $2
prisma:query SELECT "public"."events"."id", "public"."events"."user_id", "public"."events"."title", "public"."events"."description", "public"."events"."event_date", "public"."events"."created_at", "public"."events"."updated_at" FROM "public"."events" WHERE 1=1 ORDER BY "public"."events"."event_date" DESC OFFSET $1
 GET /api/news 200 in 255ms (compile: 2ms, render: 253ms)
 GET /api/events 200 in 256ms (compile: 6ms, render: 250ms)
prisma:query SELECT "public"."news"."id", "public"."news"."user_id", "public"."news"."title", "public"."news"."description", "public"."news"."content", "public"."news"."news_date", "public"."news"."created_at", "public"."news"."updated_at" FROM "public"."news" WHERE 1=1 ORDER BY "public"."news"."created_at" DESC OFFSET $1
prisma:query SELECT "public"."users"."id", "public"."users"."name", "public"."users"."email", "public"."users"."password", "public"."users"."role"::text, "public"."users"."createdAt", "public"."users"."updatedAt" FROM "public"."users" WHERE "public"."users"."id" IN ($1) OFFSET $2
prisma:query SELECT "public"."news_images"."id", "public"."news_images"."news_id", "public"."news_images"."image_url", "public"."news_images"."caption", "public"."news_images"."created_at", "public"."news_images"."updated_at" FROM "public"."news_images" WHERE "public"."news_images"."news_id" IN ($1) OFFSET $2
prisma:query SELECT "public"."events"."id", "public"."events"."user_id", "public"."events"."title", "public"."events"."description", "public"."events"."event_date", "public"."events"."created_at", "public"."events"."updated_at" FROM "public"."events" WHERE 1=1 ORDER BY "public"."events"."event_date" DESC OFFSET $1
 GET /api/news 200 in 12ms (compile: 2ms, render: 10ms)
 GET /api/events 200 in 13ms (compile: 6ms, render: 7ms)
 GET /projects 200 in 12ms (compile: 2ms, render: 10ms)
prisma:query SELECT "public"."project"."id", "public"."project"."createdAt", "public"."project"."updatedAt", "public"."project"."title", "public"."project"."description", "public"."project"."content", "public"."project"."status"::text, "public"."project"."user_id" FROM "public"."project" WHERE 1=1 OFFSET $1
prisma:query SELECT "public"."project_images"."id", "public"."project_images"."project_id", "public"."project_images"."image_url", "public"."project_images"."caption", "public"."project_images"."created_at", "public"."project_images"."updated_at" FROM "public"."project_images" WHERE "public"."project_images"."project_id" IN ($1,$2,$3) OFFSET $4
prisma:query SELECT "public"."_projectToproject_tags"."A", "public"."_projectToproject_tags"."B" FROM "public"."_projectToproject_tags" WHERE "public"."_projectToproject_tags"."A" IN ($1,$2,$3)
prisma:query SELECT "public"."users"."id", "public"."users"."name", "public"."users"."email", "public"."users"."password", "public"."users"."role"::text, "public"."users"."createdAt", "public"."users"."updatedAt" FROM "public"."users" WHERE "public"."users"."id" IN ($1) OFFSET $2
 GET /api/project 200 in 10ms (compile: 2ms, render: 8ms)
prisma:query SELECT "public"."project"."id", "public"."project"."createdAt", "public"."project"."updatedAt", "public"."project"."title", "public"."project"."description", "public"."project"."content", "public"."project"."status"::text, "public"."project"."user_id" FROM "public"."project" WHERE 1=1 OFFSET $1
prisma:query SELECT "public"."project_images"."id", "public"."project_images"."project_id", "public"."project_images"."image_url", "public"."project_images"."caption", "public"."project_images"."created_at", "public"."project_images"."updated_at" FROM "public"."project_images" WHERE "public"."project_images"."project_id" IN ($1,$2,$3) OFFSET $4
prisma:query SELECT "public"."_projectToproject_tags"."A", "public"."_projectToproject_tags"."B" FROM "public"."_projectToproject_tags" WHERE "public"."_projectToproject_tags"."A" IN ($1,$2,$3)
prisma:query SELECT "public"."users"."id", "public"."users"."name", "public"."users"."email", "public"."users"."password", "public"."users"."role"::text, "public"."users"."createdAt", "public"."users"."updatedAt" FROM "public"."users" WHERE "public"."users"."id" IN ($1) OFFSET $2
 GET /api/project 200 in 8ms (compile: 2ms, render: 6ms)
 GET /news 200 in 12ms (compile: 2ms, render: 10ms)
prisma:query SELECT "public"."news"."id", "public"."news"."user_id", "public"."news"."title", "public"."news"."description", "public"."news"."content", "public"."news"."news_date", "public"."news"."created_at", "public"."news"."updated_at" FROM "public"."news" WHERE 1=1 ORDER BY "public"."news"."created_at" DESC OFFSET $1
prisma:query SELECT "public"."users"."id", "public"."users"."name", "public"."users"."email", "public"."users"."password", "public"."users"."role"::text, "public"."users"."createdAt", "public"."users"."updatedAt" FROM "public"."users" WHERE "public"."users"."id" IN ($1) OFFSET $2
prisma:query SELECT "public"."news_images"."id", "public"."news_images"."news_id", "public"."news_images"."image_url", "public"."news_images"."caption", "public"."news_images"."created_at", "public"."news_images"."updated_at" FROM "public"."news_images" WHERE "public"."news_images"."news_id" IN ($1) OFFSET $2
prisma:query SELECT "public"."events"."id", "public"."events"."user_id", "public"."events"."title", "public"."events"."description", "public"."events"."event_date", "public"."events"."created_at", "public"."events"."updated_at" FROM "public"."events" WHERE 1=1 ORDER BY "public"."events"."event_date" DESC OFFSET $1
 GET /api/news 200 in 14ms (compile: 2ms, render: 12ms)
 GET /api/events 200 in 17ms (compile: 6ms, render: 10ms)
prisma:query SELECT "public"."news"."id", "public"."news"."user_id", "public"."news"."title", "public"."news"."description", "public"."news"."content", "public"."news"."news_date", "public"."news"."created_at", "public"."news"."updated_at" FROM "public"."news" WHERE 1=1 ORDER BY "public"."news"."created_at" DESC OFFSET $1
prisma:query SELECT "public"."users"."id", "public"."users"."name", "public"."users"."email", "public"."users"."password", "public"."users"."role"::text, "public"."users"."createdAt", "public"."users"."updatedAt" FROM "public"."users" WHERE "public"."users"."id" IN ($1) OFFSET $2
prisma:query SELECT "public"."news_images"."id", "public"."news_images"."news_id", "public"."news_images"."image_url", "public"."news_images"."caption", "public"."news_images"."created_at", "public"."news_images"."updated_at" FROM "public"."news_images" WHERE "public"."news_images"."news_id" IN ($1) OFFSET $2
prisma:query SELECT "public"."events"."id", "public"."events"."user_id", "public"."events"."title", "public"."events"."description", "public"."events"."event_date", "public"."events"."created_at", "public"."events"."updated_at" FROM "public"."events" WHERE 1=1 ORDER BY "public"."events"."event_date" DESC OFFSET $1
 GET /api/news 200 in 11ms (compile: 1910µs, render: 9ms)
 GET /api/events 200 in 13ms (compile: 6ms, render: 7ms)
 GET /dashboard 200 in 629ms (compile: 592ms, render: 37ms)
prisma:query SELECT 1
prisma:query SELECT "public"."project"."id", "public"."project"."createdAt", "public"."project"."updatedAt", "public"."project"."title", "public"."project"."description", "public"."project"."content", "public"."project"."status"::text, "public"."project"."user_id" FROM "public"."project" WHERE 1=1 ORDER BY "public"."project"."createdAt" DESC LIMIT $1 OFFSET $2
prisma:query SELECT COUNT(*) AS "_count$_all" FROM (SELECT "public"."project"."id" FROM "public"."project" WHERE "public"."project"."status" = CAST($1::text AS "public"."project_status_type") OFFSET $2) AS "sub"
 GET /api/project?view=dashboard 200 in 15ms (compile: 3ms, render: 12ms)
prisma:query SELECT "public"."news"."id", "public"."news"."user_id", "public"."news"."title", "public"."news"."description", "public"."news"."content", "public"."news"."news_date", "public"."news"."created_at", "public"."news"."updated_at" FROM "public"."news" WHERE 1=1 ORDER BY "public"."news"."created_at" DESC OFFSET $1
prisma:query SELECT "public"."users"."id", "public"."users"."name", "public"."users"."email", "public"."users"."password", "public"."users"."role"::text, "public"."users"."createdAt", "public"."users"."updatedAt" FROM "public"."users" WHERE "public"."users"."id" IN ($1) OFFSET $2
prisma:query SELECT "public"."news_images"."id", "public"."news_images"."news_id", "public"."news_images"."image_url", "public"."news_images"."caption", "public"."news_images"."created_at", "public"."news_images"."updated_at" FROM "public"."news_images" WHERE "public"."news_images"."news_id" IN ($1) OFFSET $2
 GET /api/news 200 in 14ms (compile: 4ms, render: 10ms)
prisma:query SELECT "public"."events"."id", "public"."events"."user_id", "public"."events"."title", "public"."events"."description", "public"."events"."event_date", "public"."events"."created_at", "public"."events"."updated_at" FROM "public"."events" WHERE 1=1 ORDER BY "public"."events"."event_date" DESC OFFSET $1
 GET /api/events 200 in 16ms (compile: 8ms, render: 8ms)
prisma:query SELECT "public"."project"."id", "public"."project"."createdAt", "public"."project"."updatedAt", "public"."project"."title", "public"."project"."description", "public"."project"."content", "public"."project"."status"::text, "public"."project"."user_id" FROM "public"."project" WHERE 1=1 ORDER BY "public"."project"."createdAt" DESC LIMIT $1 OFFSET $2
prisma:query SELECT COUNT(*) AS "_count$_all" FROM (SELECT "public"."project"."id" FROM "public"."project" WHERE "public"."project"."status" = CAST($1::text AS "public"."project_status_type") OFFSET $2) AS "sub"
 GET /api/project?view=dashboard 200 in 11ms (compile: 4ms, render: 6ms)
prisma:query SELECT "public"."news"."id", "public"."news"."user_id", "public"."news"."title", "public"."news"."description", "public"."news"."content", "public"."news"."news_date", "public"."news"."created_at", "public"."news"."updated_at" FROM "public"."news" WHERE 1=1 ORDER BY "public"."news"."created_at" DESC OFFSET $1
prisma:query SELECT "public"."users"."id", "public"."users"."name", "public"."users"."email", "public"."users"."password", "public"."users"."role"::text, "public"."users"."createdAt", "public"."users"."updatedAt" FROM "public"."users" WHERE "public"."users"."id" IN ($1) OFFSET $2
prisma:query SELECT "public"."news_images"."id", "public"."news_images"."news_id", "public"."news_images"."image_url", "public"."news_images"."caption", "public"."news_images"."created_at", "public"."news_images"."updated_at" FROM "public"."news_images" WHERE "public"."news_images"."news_id" IN ($1) OFFSET $2
prisma:query SELECT "public"."events"."id", "public"."events"."user_id", "public"."events"."title", "public"."events"."description", "public"."events"."event_date", "public"."events"."created_at", "public"."events"."updated_at" FROM "public"."events" WHERE 1=1 ORDER BY "public"."events"."event_date" DESC OFFSET $1
 GET /api/news 200 in 14ms (compile: 5ms, render: 9ms)
 GET /api/events 200 in 15ms (compile: 8ms, render: 7ms)
prisma:query SELECT "public"."users"."id", "public"."users"."name", "public"."users"."email", "public"."users"."password", "public"."users"."role"::text, "public"."users"."createdAt", "public"."users"."updatedAt" FROM "public"."users" WHERE 1=1 OFFSET $1
 GET /api/user?view=dashboard 200 in 93ms (compile: 87ms, render: 6ms)
prisma:query SELECT "public"."users"."id", "public"."users"."name", "public"."users"."email", "public"."users"."password", "public"."users"."role"::text, "public"."users"."createdAt", "public"."users"."updatedAt" FROM "public"."users" WHERE 1=1 OFFSET $1
 GET /api/user?view=dashboard 200 in 6ms (compile: 1666µs, render: 4ms)
 GET /users/view 200 in 562ms (compile: 540ms, render: 22ms)
prisma:query SELECT "public"."users"."id", "public"."users"."name", "public"."users"."email", "public"."users"."password", "public"."users"."role"::text, "public"."users"."createdAt", "public"."users"."updatedAt" FROM "public"."users" WHERE 1=1 OFFSET $1
 GET /api/user 200 in 10ms (compile: 2ms, render: 7ms)
prisma:query SELECT "public"."users"."id", "public"."users"."name", "public"."users"."email", "public"."users"."password", "public"."users"."role"::text, "public"."users"."createdAt", "public"."users"."updatedAt" FROM "public"."users" WHERE 1=1 OFFSET $1
 GET /api/user 200 in 9ms (compile: 3ms, render: 6ms)
 GET /dashboard 200 in 20ms (compile: 3ms, render: 17ms)
prisma:query SELECT 1
prisma:query SELECT COUNT(*) AS "_count$_all" FROM (SELECT "public"."project"."id" FROM "public"."project" WHERE "public"."project"."status" = CAST($1::text AS "public"."project_status_type") OFFSET $2) AS "sub"
prisma:query SELECT "public"."project"."id", "public"."project"."createdAt", "public"."project"."updatedAt", "public"."project"."title", "public"."project"."description", "public"."project"."content", "public"."project"."status"::text, "public"."project"."user_id" FROM "public"."project" WHERE 1=1 ORDER BY "public"."project"."createdAt" DESC LIMIT $1 OFFSET $2
prisma:query SELECT "public"."users"."id", "public"."users"."name", "public"."users"."email", "public"."users"."password", "public"."users"."role"::text, "public"."users"."createdAt", "public"."users"."updatedAt" FROM "public"."users" WHERE 1=1 OFFSET $1
prisma:query SELECT "public"."news"."id", "public"."news"."user_id", "public"."news"."title", "public"."news"."description", "public"."news"."content", "public"."news"."news_date", "public"."news"."created_at", "public"."news"."updated_at" FROM "public"."news" WHERE 1=1 ORDER BY "public"."news"."created_at" DESC OFFSET $1
prisma:query SELECT "public"."users"."id", "public"."users"."name", "public"."users"."email", "public"."users"."password", "public"."users"."role"::text, "public"."users"."createdAt", "public"."users"."updatedAt" FROM "public"."users" WHERE "public"."users"."id" IN ($1) OFFSET $2
prisma:query SELECT "public"."news_images"."id", "public"."news_images"."news_id", "public"."news_images"."image_url", "public"."news_images"."caption", "public"."news_images"."created_at", "public"."news_images"."updated_at" FROM "public"."news_images" WHERE "public"."news_images"."news_id" IN ($1) OFFSET $2
prisma:query SELECT "public"."events"."id", "public"."events"."user_id", "public"."events"."title", "public"."events"."description", "public"."events"."event_date", "public"."events"."created_at", "public"."events"."updated_at" FROM "public"."events" WHERE 1=1 ORDER BY "public"."events"."event_date" DESC OFFSET $1
 GET /api/project?view=dashboard 200 in 24ms (compile: 4ms, render: 21ms)
 GET /api/user?view=dashboard 200 in 26ms (compile: 8ms, render: 17ms)
 GET /api/news 200 in 27ms (compile: 14ms, render: 13ms)
 GET /api/events 200 in 27ms (compile: 18ms, render: 10ms)
prisma:query SELECT "public"."users"."id", "public"."users"."name", "public"."users"."email", "public"."users"."password", "public"."users"."role"::text, "public"."users"."createdAt", "public"."users"."updatedAt" FROM "public"."users" WHERE 1=1 OFFSET $1
prisma:query SELECT "public"."news"."id", "public"."news"."user_id", "public"."news"."title", "public"."news"."description", "public"."news"."content", "public"."news"."news_date", "public"."news"."created_at", "public"."news"."updated_at" FROM "public"."news" WHERE 1=1 ORDER BY "public"."news"."created_at" DESC OFFSET $1
prisma:query SELECT "public"."users"."id", "public"."users"."name", "public"."users"."email", "public"."users"."password", "public"."users"."role"::text, "public"."users"."createdAt", "public"."users"."updatedAt" FROM "public"."users" WHERE "public"."users"."id" IN ($1) OFFSET $2
prisma:query SELECT "public"."news_images"."id", "public"."news_images"."news_id", "public"."news_images"."image_url", "public"."news_images"."caption", "public"."news_images"."created_at", "public"."news_images"."updated_at" FROM "public"."news_images" WHERE "public"."news_images"."news_id" IN ($1) OFFSET $2
prisma:query SELECT COUNT(*) AS "_count$_all" FROM (SELECT "public"."project"."id" FROM "public"."project" WHERE "public"."project"."status" = CAST($1::text AS "public"."project_status_type") OFFSET $2) AS "sub"
prisma:query SELECT "public"."project"."id", "public"."project"."createdAt", "public"."project"."updatedAt", "public"."project"."title", "public"."project"."description", "public"."project"."content", "public"."project"."status"::text, "public"."project"."user_id" FROM "public"."project" WHERE 1=1 ORDER BY "public"."project"."createdAt" DESC LIMIT $1 OFFSET $2
prisma:query SELECT "public"."events"."id", "public"."events"."user_id", "public"."events"."title", "public"."events"."description", "public"."events"."event_date", "public"."events"."created_at", "public"."events"."updated_at" FROM "public"."events" WHERE 1=1 ORDER BY "public"."events"."event_date" DESC OFFSET $1
 GET /api/user?view=dashboard 200 in 19ms (compile: 3ms, render: 16ms)
 GET /api/news 200 in 19ms (compile: 6ms, render: 14ms)
 GET /api/project?view=dashboard 200 in 20ms (compile: 9ms, render: 12ms)
 GET /api/events 200 in 21ms (compile: 12ms, render: 8ms)
 GET /users/add 200 in 432ms (compile: 410ms, render: 22ms)
prisma:query SELECT 1
prisma:query INSERT INTO "public"."users" ("name","email","password","role","createdAt","updatedAt") VALUES ($1,$2,$3,CAST($4::text AS "public"."user_role_type"),$5,$6) RETURNING "public"."users"."id", "public"."users"."name", "public"."users"."email", "public"."users"."password", "public"."users"."role"::text, "public"."users"."createdAt", "public"."users"."updatedAt"
 POST /api/user 200 in 81ms (compile: 1924µs, render: 79ms)
 GET /SignIn 200 in 285ms (compile: 270ms, render: 15ms)
 GET /dashboard 200 in 70ms (compile: 3ms, render: 67ms)
 GET /dashboard 200 in 44ms (compile: 9ms, render: 35ms)
prisma:query SELECT 1
prisma:query SELECT "public"."project"."id", "public"."project"."createdAt", "public"."project"."updatedAt", "public"."project"."title", "public"."project"."description", "public"."project"."content", "public"."project"."status"::text, "public"."project"."user_id" FROM "public"."project" WHERE 1=1 ORDER BY "public"."project"."createdAt" DESC LIMIT $1 OFFSET $2
prisma:query SELECT COUNT(*) AS "_count$_all" FROM (SELECT "public"."project"."id" FROM "public"."project" WHERE "public"."project"."status" = CAST($1::text AS "public"."project_status_type") OFFSET $2) AS "sub"
prisma:query SELECT "public"."users"."id", "public"."users"."name", "public"."users"."email", "public"."users"."password", "public"."users"."role"::text, "public"."users"."createdAt", "public"."users"."updatedAt" FROM "public"."users" WHERE 1=1 OFFSET $1
prisma:query SELECT "public"."news"."id", "public"."news"."user_id", "public"."news"."title", "public"."news"."description", "public"."news"."content", "public"."news"."news_date", "public"."news"."created_at", "public"."news"."updated_at" FROM "public"."news" WHERE 1=1 ORDER BY "public"."news"."created_at" DESC OFFSET $1
prisma:query SELECT "public"."users"."id", "public"."users"."name", "public"."users"."email", "public"."users"."password", "public"."users"."role"::text, "public"."users"."createdAt", "public"."users"."updatedAt" FROM "public"."users" WHERE "public"."users"."id" IN ($1) OFFSET $2
prisma:query SELECT "public"."news_images"."id", "public"."news_images"."news_id", "public"."news_images"."image_url", "public"."news_images"."caption", "public"."news_images"."created_at", "public"."news_images"."updated_at" FROM "public"."news_images" WHERE "public"."news_images"."news_id" IN ($1) OFFSET $2
 GET /api/project?view=dashboard 200 in 23ms (compile: 3ms, render: 19ms)
 GET /api/user?view=dashboard 200 in 28ms (compile: 10ms, render: 18ms)
 GET /api/news 200 in 29ms (compile: 16ms, render: 13ms)
prisma:query SELECT "public"."events"."id", "public"."events"."user_id", "public"."events"."title", "public"."events"."description", "public"."events"."event_date", "public"."events"."created_at", "public"."events"."updated_at" FROM "public"."events" WHERE 1=1 ORDER BY "public"."events"."event_date" DESC OFFSET $1
 GET /api/events 200 in 19ms (compile: 10ms, render: 9ms)
prisma:query SELECT "public"."users"."id", "public"."users"."name", "public"."users"."email", "public"."users"."password", "public"."users"."role"::text, "public"."users"."createdAt", "public"."users"."updatedAt" FROM "public"."users" WHERE 1=1 OFFSET $1
prisma:query SELECT COUNT(*) AS "_count$_all" FROM (SELECT "public"."project"."id" FROM "public"."project" WHERE "public"."project"."status" = CAST($1::text AS "public"."project_status_type") OFFSET $2) AS "sub"
prisma:query SELECT "public"."project"."id", "public"."project"."createdAt", "public"."project"."updatedAt", "public"."project"."title", "public"."project"."description", "public"."project"."content", "public"."project"."status"::text, "public"."project"."user_id" FROM "public"."project" WHERE 1=1 ORDER BY "public"."project"."createdAt" DESC LIMIT $1 OFFSET $2
prisma:query SELECT "public"."news"."id", "public"."news"."user_id", "public"."news"."title", "public"."news"."description", "public"."news"."content", "public"."news"."news_date", "public"."news"."created_at", "public"."news"."updated_at" FROM "public"."news" WHERE 1=1 ORDER BY "public"."news"."created_at" DESC OFFSET $1
prisma:query SELECT "public"."users"."id", "public"."users"."name", "public"."users"."email", "public"."users"."password", "public"."users"."role"::text, "public"."users"."createdAt", "public"."users"."updatedAt" FROM "public"."users" WHERE "public"."users"."id" IN ($1) OFFSET $2
prisma:query SELECT "public"."news_images"."id", "public"."news_images"."news_id", "public"."news_images"."image_url", "public"."news_images"."caption", "public"."news_images"."created_at", "public"."news_images"."updated_at" FROM "public"."news_images" WHERE "public"."news_images"."news_id" IN ($1) OFFSET $2
prisma:query SELECT "public"."events"."id", "public"."events"."user_id", "public"."events"."title", "public"."events"."description", "public"."events"."event_date", "public"."events"."created_at", "public"."events"."updated_at" FROM "public"."events" WHERE 1=1 ORDER BY "public"."events"."event_date" DESC OFFSET $1
 GET /api/user?view=dashboard 200 in 18ms (compile: 3ms, render: 16ms)
 GET /api/project?view=dashboard 200 in 20ms (compile: 6ms, render: 14ms)
 GET /api/news 200 in 20ms (compile: 9ms, render: 12ms)
 GET /api/events 200 in 21ms (compile: 12ms, render: 9ms)
 GET /events/add 200 in 274ms (compile: 256ms, render: 18ms)
prisma:query SELECT 1
prisma:query SELECT 1
prisma:query SELECT COUNT(*) AS "_count$_all" FROM (SELECT "public"."project"."id" FROM "public"."project" WHERE "public"."project"."status" = CAST($1::text AS "public"."project_status_type") OFFSET $2) AS "sub"
prisma:query SELECT "public"."project"."id", "public"."project"."createdAt", "public"."project"."updatedAt", "public"."project"."title", "public"."project"."description", "public"."project"."content", "public"."project"."status"::text, "public"."project"."user_id" FROM "public"."project" WHERE 1=1 ORDER BY "public"."project"."createdAt" DESC LIMIT $1 OFFSET $2
prisma:query SELECT "public"."news"."id", "public"."news"."user_id", "public"."news"."title", "public"."news"."description", "public"."news"."content", "public"."news"."news_date", "public"."news"."created_at", "public"."news"."updated_at" FROM "public"."news" WHERE 1=1 ORDER BY "public"."news"."created_at" DESC OFFSET $1
prisma:query SELECT "public"."users"."id", "public"."users"."name", "public"."users"."email", "public"."users"."password", "public"."users"."role"::text, "public"."users"."createdAt", "public"."users"."updatedAt" FROM "public"."users" WHERE "public"."users"."id" IN ($1) OFFSET $2
prisma:query SELECT "public"."news_images"."id", "public"."news_images"."news_id", "public"."news_images"."image_url", "public"."news_images"."caption", "public"."news_images"."created_at", "public"."news_images"."updated_at" FROM "public"."news_images" WHERE "public"."news_images"."news_id" IN ($1) OFFSET $2
 GET /api/project?view=dashboard 200 in 18ms (compile: 4ms, render: 14ms)
 GET /api/news 200 in 23ms (compile: 9ms, render: 13ms)
prisma:query SELECT "public"."users"."id", "public"."users"."name", "public"."users"."email", "public"."users"."password", "public"."users"."role"::text, "public"."users"."createdAt", "public"."users"."updatedAt" FROM "public"."users" WHERE 1=1 OFFSET $1
prisma:query SELECT "public"."events"."id", "public"."events"."user_id", "public"."events"."title", "public"."events"."description", "public"."events"."event_date", "public"."events"."created_at", "public"."events"."updated_at" FROM "public"."events" WHERE 1=1 ORDER BY "public"."events"."event_date" DESC OFFSET $1
 GET /api/user?view=dashboard 200 in 23ms (compile: 12ms, render: 12ms)
 GET /api/events 200 in 18ms (compile: 11ms, render: 7ms)
prisma:query SELECT COUNT(*) AS "_count$_all" FROM (SELECT "public"."project"."id" FROM "public"."project" WHERE "public"."project"."status" = CAST($1::text AS "public"."project_status_type") OFFSET $2) AS "sub"
prisma:query SELECT "public"."project"."id", "public"."project"."createdAt", "public"."project"."updatedAt", "public"."project"."title", "public"."project"."description", "public"."project"."content", "public"."project"."status"::text, "public"."project"."user_id" FROM "public"."project" WHERE 1=1 ORDER BY "public"."project"."createdAt" DESC LIMIT $1 OFFSET $2
prisma:query SELECT "public"."news"."id", "public"."news"."user_id", "public"."news"."title", "public"."news"."description", "public"."news"."content", "public"."news"."news_date", "public"."news"."created_at", "public"."news"."updated_at" FROM "public"."news" WHERE 1=1 ORDER BY "public"."news"."created_at" DESC OFFSET $1
prisma:query SELECT "public"."users"."id", "public"."users"."name", "public"."users"."email", "public"."users"."password", "public"."users"."role"::text, "public"."users"."createdAt", "public"."users"."updatedAt" FROM "public"."users" WHERE "public"."users"."id" IN ($1) OFFSET $2
prisma:query SELECT "public"."news_images"."id", "public"."news_images"."news_id", "public"."news_images"."image_url", "public"."news_images"."caption", "public"."news_images"."created_at", "public"."news_images"."updated_at" FROM "public"."news_images" WHERE "public"."news_images"."news_id" IN ($1) OFFSET $2
 GET /api/project?view=dashboard 200 in 13ms (compile: 3ms, render: 10ms)
 GET /api/news 200 in 22ms (compile: 6ms, render: 16ms)
prisma:query SELECT "public"."users"."id", "public"."users"."name", "public"."users"."email", "public"."users"."password", "public"."users"."role"::text, "public"."users"."createdAt", "public"."users"."updatedAt" FROM "public"."users" WHERE 1=1 OFFSET $1
prisma:query SELECT "public"."events"."id", "public"."events"."user_id", "public"."events"."title", "public"."events"."description", "public"."events"."event_date", "public"."events"."created_at", "public"."events"."updated_at" FROM "public"."events" WHERE 1=1 ORDER BY "public"."events"."event_date" DESC OFFSET $1
 GET /api/user?view=dashboard 200 in 17ms (compile: 6ms, render: 11ms)
 GET /api/events 200 in 18ms (compile: 10ms, render: 8ms)
 GET /api/auth/session 200 in 26ms (compile: 11ms, render: 15ms)
prisma:query SELECT 1
prisma:query SELECT "public"."users"."id", "public"."users"."name", "public"."users"."email", "public"."users"."password", "public"."users"."role"::text, "public"."users"."createdAt", "public"."users"."updatedAt" FROM "public"."users" WHERE 1=1 OFFSET $1
prisma:query SELECT 1
prisma:query SELECT "public"."project"."id", "public"."project"."createdAt", "public"."project"."updatedAt", "public"."project"."title", "public"."project"."description", "public"."project"."content", "public"."project"."status"::text, "public"."project"."user_id" FROM "public"."project" WHERE 1=1 ORDER BY "public"."project"."createdAt" DESC LIMIT $1 OFFSET $2
prisma:query SELECT COUNT(*) AS "_count$_all" FROM (SELECT "public"."project"."id" FROM "public"."project" WHERE "public"."project"."status" = CAST($1::text AS "public"."project_status_type") OFFSET $2) AS "sub"
prisma:query SELECT "public"."news"."id", "public"."news"."user_id", "public"."news"."title", "public"."news"."description", "public"."news"."content", "public"."news"."news_date", "public"."news"."created_at", "public"."news"."updated_at" FROM "public"."news" WHERE 1=1 ORDER BY "public"."news"."created_at" DESC OFFSET $1
prisma:query SELECT "public"."users"."id", "public"."users"."name", "public"."users"."email", "public"."users"."password", "public"."users"."role"::text, "public"."users"."createdAt", "public"."users"."updatedAt" FROM "public"."users" WHERE "public"."users"."id" IN ($1) OFFSET $2
prisma:query SELECT "public"."news_images"."id", "public"."news_images"."news_id", "public"."news_images"."image_url", "public"."news_images"."caption", "public"."news_images"."created_at", "public"."news_images"."updated_at" FROM "public"."news_images" WHERE "public"."news_images"."news_id" IN ($1) OFFSET $2
 GET /api/user?view=dashboard 200 in 19ms (compile: 2ms, render: 17ms)
 GET /api/project?view=dashboard 200 in 20ms (compile: 6ms, render: 15ms)
 GET /api/news 200 in 26ms (compile: 11ms, render: 14ms)
prisma:query SELECT "public"."events"."id", "public"."events"."user_id", "public"."events"."title", "public"."events"."description", "public"."events"."event_date", "public"."events"."created_at", "public"."events"."updated_at" FROM "public"."events" WHERE 1=1 ORDER BY "public"."events"."event_date" DESC OFFSET $1
 GET /api/events 200 in 20ms (compile: 13ms, render: 7ms)
 GET /api/auth/session 200 in 43ms (compile: 8ms, render: 35ms)
prisma:query SELECT 1
prisma:query SELECT 1
prisma:query SELECT "public"."project"."id", "public"."project"."createdAt", "public"."project"."updatedAt", "public"."project"."title", "public"."project"."description", "public"."project"."content", "public"."project"."status"::text, "public"."project"."user_id" FROM "public"."project" WHERE 1=1 ORDER BY "public"."project"."createdAt" DESC LIMIT $1 OFFSET $2
prisma:query SELECT COUNT(*) AS "_count$_all" FROM (SELECT "public"."project"."id" FROM "public"."project" WHERE "public"."project"."status" = CAST($1::text AS "public"."project_status_type") OFFSET $2) AS "sub"
prisma:query SELECT "public"."users"."id", "public"."users"."name", "public"."users"."email", "public"."users"."password", "public"."users"."role"::text, "public"."users"."createdAt", "public"."users"."updatedAt" FROM "public"."users" WHERE 1=1 OFFSET $1
 GET /api/project?view=dashboard 200 in 15ms (compile: 3ms, render: 12ms)
 GET /api/user?view=dashboard 200 in 17ms (compile: 8ms, render: 9ms)
prisma:query SELECT "public"."news"."id", "public"."news"."user_id", "public"."news"."title", "public"."news"."description", "public"."news"."content", "public"."news"."news_date", "public"."news"."created_at", "public"."news"."updated_at" FROM "public"."news" WHERE 1=1 ORDER BY "public"."news"."created_at" DESC OFFSET $1
prisma:query SELECT "public"."users"."id", "public"."users"."name", "public"."users"."email", "public"."users"."password", "public"."users"."role"::text, "public"."users"."createdAt", "public"."users"."updatedAt" FROM "public"."users" WHERE "public"."users"."id" IN ($1) OFFSET $2
prisma:query SELECT "public"."news_images"."id", "public"."news_images"."news_id", "public"."news_images"."image_url", "public"."news_images"."caption", "public"."news_images"."created_at", "public"."news_images"."updated_at" FROM "public"."news_images" WHERE "public"."news_images"."news_id" IN ($1) OFFSET $2
prisma:query SELECT "public"."events"."id", "public"."events"."user_id", "public"."events"."title", "public"."events"."description", "public"."events"."event_date", "public"."events"."created_at", "public"."events"."updated_at" FROM "public"."events" WHERE 1=1 ORDER BY "public"."events"."event_date" DESC OFFSET $1
 GET /api/news 200 in 18ms (compile: 8ms, render: 11ms)
 GET /api/events 200 in 16ms (compile: 9ms, render: 7ms)
 GET /dashboard 200 in 36ms (compile: 4ms, render: 32ms)
 ✓ Compiled in 202ms
 GET /events/add 307 in 337ms (compile: 182ms, render: 155ms)
 GET / 200 in 113ms (compile: 3ms, render: 110ms)
 GET /events/view 307 in 521ms (compile: 443ms, render: 78ms)
 GET / 200 in 51ms (compile: 3ms, render: 49ms)
 GET /api/auth/csrf 200 in 38ms (compile: 9ms, render: 29ms)
 POST /api/auth/signout 200 in 37ms (compile: 2ms, render: 35ms)
 GET / 200 in 65ms (compile: 3ms, render: 63ms)
 GET /api/auth/session 200 in 26ms (compile: 3ms, render: 23ms)
 GET /SignIn 200 in 23ms (compile: 3ms, render: 20ms)
 GET /api/auth/providers 200 in 43ms (compile: 7ms, render: 37ms)
 GET /api/auth/csrf 200 in 26ms (compile: 2ms, render: 24ms)
prisma:query SELECT "public"."users"."id", "public"."users"."name", "public"."users"."email", "public"."users"."password", "public"."users"."role"::text, "public"."users"."createdAt", "public"."users"."updatedAt" FROM "public"."users" WHERE ("public"."users"."email" = $1 AND 1=1) LIMIT $2 OFFSET $3
 POST /api/auth/callback/credentials 200 in 125ms (compile: 1735µs, render: 123ms)
 GET /api/auth/session 200 in 39ms (compile: 1780µs, render: 37ms)
 GET /dashboard 200 in 50ms (compile: 7ms, render: 43ms)
 GET / 200 in 78ms (compile: 2ms, render: 76ms)
 GET /dashboard 200 in 26ms (compile: 6ms, render: 21ms)
prisma:query SELECT "public"."project"."id", "public"."project"."createdAt", "public"."project"."updatedAt", "public"."project"."title", "public"."project"."description", "public"."project"."content", "public"."project"."status"::text, "public"."project"."user_id" FROM "public"."project" WHERE 1=1 ORDER BY "public"."project"."createdAt" DESC LIMIT $1 OFFSET $2
prisma:query SELECT "public"."users"."id", "public"."users"."name", "public"."users"."email", "public"."users"."password", "public"."users"."role"::text, "public"."users"."createdAt", "public"."users"."updatedAt" FROM "public"."users" WHERE 1=1 OFFSET $1
 GET /api/user?view=dashboard 200 in 23ms (compile: 10ms, render: 13ms)
prisma:query SELECT "public"."news"."id", "public"."news"."user_id", "public"."news"."title", "public"."news"."description", "public"."news"."content", "public"."news"."news_date", "public"."news"."created_at", "public"."news"."updated_at" FROM "public"."news" WHERE 1=1 ORDER BY "public"."news"."created_at" DESC OFFSET $1
prisma:query SELECT "public"."users"."id", "public"."users"."name", "public"."users"."email", "public"."users"."password", "public"."users"."role"::text, "public"."users"."createdAt", "public"."users"."updatedAt" FROM "public"."users" WHERE "public"."users"."id" IN ($1) OFFSET $2
prisma:query SELECT "public"."news_images"."id", "public"."news_images"."news_id", "public"."news_images"."image_url", "public"."news_images"."caption", "public"."news_images"."created_at", "public"."news_images"."updated_at" FROM "public"."news_images" WHERE "public"."news_images"."news_id" IN ($1) OFFSET $2
 GET /api/news 200 in 57ms (compile: 12ms, render: 45ms)
prisma:query SELECT "public"."events"."id", "public"."events"."user_id", "public"."events"."title", "public"."events"."description", "public"."events"."event_date", "public"."events"."created_at", "public"."events"."updated_at" FROM "public"."events" WHERE 1=1 ORDER BY "public"."events"."event_date" DESC OFFSET $1
 GET /api/events 200 in 61ms (compile: 47ms, render: 14ms)
prisma:query SELECT "public"."users"."id", "public"."users"."name", "public"."users"."email", "public"."users"."password", "public"."users"."role"::text, "public"."users"."createdAt", "public"."users"."updatedAt" FROM "public"."users" WHERE 1=1 OFFSET $1
 GET /api/user?view=dashboard 200 in 9ms (compile: 2ms, render: 7ms)
prisma:query SELECT "public"."news"."id", "public"."news"."user_id", "public"."news"."title", "public"."news"."description", "public"."news"."content", "public"."news"."news_date", "public"."news"."created_at", "public"."news"."updated_at" FROM "public"."news" WHERE 1=1 ORDER BY "public"."news"."created_at" DESC OFFSET $1
prisma:query SELECT "public"."users"."id", "public"."users"."name", "public"."users"."email", "public"."users"."password", "public"."users"."role"::text, "public"."users"."createdAt", "public"."users"."updatedAt" FROM "public"."users" WHERE "public"."users"."id" IN ($1) OFFSET $2
prisma:query SELECT "public"."news_images"."id", "public"."news_images"."news_id", "public"."news_images"."image_url", "public"."news_images"."caption", "public"."news_images"."created_at", "public"."news_images"."updated_at" FROM "public"."news_images" WHERE "public"."news_images"."news_id" IN ($1) OFFSET $2
prisma:query SELECT "public"."events"."id", "public"."events"."user_id", "public"."events"."title", "public"."events"."description", "public"."events"."event_date", "public"."events"."created_at", "public"."events"."updated_at" FROM "public"."events" WHERE 1=1 ORDER BY "public"."events"."event_date" DESC OFFSET $1
 GET /api/news 200 in 26ms (compile: 5ms, render: 21ms)
 GET /api/events 200 in 29ms (compile: 9ms, render: 19ms)
prisma:query SELECT COUNT(*) AS "_count$_all" FROM (SELECT "public"."project"."id" FROM "public"."project" WHERE "public"."project"."status" = CAST($1::text AS "public"."project_status_type") OFFSET $2) AS "sub"
 GET /api/project?view=dashboard 200 in 157ms (compile: 3ms, render: 154ms)
prisma:query SELECT COUNT(*) AS "_count$_all" FROM (SELECT "public"."project"."id" FROM "public"."project" WHERE "public"."project"."status" = CAST($1::text AS "public"."project_status_type") OFFSET $2) AS "sub"
prisma:query SELECT "public"."project"."id", "public"."project"."createdAt", "public"."project"."updatedAt", "public"."project"."title", "public"."project"."description", "public"."project"."content", "public"."project"."status"::text, "public"."project"."user_id" FROM "public"."project" WHERE 1=1 ORDER BY "public"."project"."createdAt" DESC LIMIT $1 OFFSET $2
 GET /api/project?view=dashboard 200 in 7ms (compile: 1665µs, render: 5ms)
 GET /events/add 200 in 15ms (compile: 3ms, render: 13ms)
 POST /api/upload 200 in 92ms (compile: 81ms, render: 11ms)
prisma:query SELECT 1
prisma:error 
Invalid `__TURBOPACK__imported__module__$5b$project$5d2f$src$2f$lib$2f$prisma$2e$ts__$5b$app$2d$route$5d$__$28$ecmascript$29$__["prisma"].events.create()` invocation in
C:\Users\Vitor Anjos\Downloads\lec-facom (3) (1)\lec-facom (3)\lec-facom (2)\lec-facom\lec-facom\.next\dev\server\chunks\[root-of-the-server]__f7121332._.js:558:165

  555 async function POST(req) {
  556     try {
  557         const data = await req.json();
→ 558         const event = await __TURBOPACK__imported__module__$5b$project$5d2f$src$2f$lib$2f$prisma$2e$ts__$5b$app$2d$route$5d$__$28$ecmascript$29$__["prisma"].events.create({
                data: {
                  title: "formatura",
                  description: "dwsdsds",
                  user_id: 5,
                  event_date: "2026-04-30T04:00:00.000Z",
                  images: [
                    {
                      image_url: "/uploads/1777146086439-158957084-WhatsApp_Image_2026-01-05_at_19.34.42.jpeg"
                    }
                  ]
                  ~~~~~~~~~~~~~~~~~~~~~~~~~~~~~~~~~~~~~~~~~~~~~~~~~~~~~~~~~~~~~~~~~~~~~~~~~~~~~~~~~~~~~~~~~~~~
                }
              })

Argument `images`: Invalid value provided. Expected event_imagesUncheckedCreateNestedManyWithoutEventInput, provided (Object).
 POST /api/events 500 in 209ms (compile: 1561µs, render: 208ms)
prisma:error 
Invalid `__TURBOPACK__imported__module__$5b$project$5d2f$src$2f$lib$2f$prisma$2e$ts__$5b$app$2d$route$5d$__$28$ecmascript$29$__["prisma"].events.create()` invocation in
C:\Users\Vitor Anjos\Downloads\lec-facom (3) (1)\lec-facom (3)\lec-facom (2)\lec-facom\lec-facom\.next\dev\server\chunks\[root-of-the-server]__f7121332._.js:558:165

  555 async function POST(req) {
  556     try {
  557         const data = await req.json();
→ 558         const event = await __TURBOPACK__imported__module__$5b$project$5d2f$src$2f$lib$2f$prisma$2e$ts__$5b$app$2d$route$5d$__$28$ecmascript$29$__["prisma"].events.create({
                data: {
                  title: "formatura",
                  description: "dwsdsds",
                  user_id: 5,
                  event_date: "2026-04-29T04:00:00.000Z",
                  images: [
                    {
                      image_url: "/uploads/1777146086439-158957084-WhatsApp_Image_2026-01-05_at_19.34.42.jpeg"
                    }
                  ]
                  ~~~~~~~~~~~~~~~~~~~~~~~~~~~~~~~~~~~~~~~~~~~~~~~~~~~~~~~~~~~~~~~~~~~~~~~~~~~~~~~~~~~~~~~~~~~~
                }
              })

Argument `images`: Invalid value provided. Expected event_imagesUncheckedCreateNestedManyWithoutEventInput, provided (Object).
 POST /api/events 500 in 91ms (compile: 1732µs, render: 89ms)
prisma:error 
Invalid `__TURBOPACK__imported__module__$5b$project$5d2f$src$2f$lib$2f$prisma$2e$ts__$5b$app$2d$route$5d$__$28$ecmascript$29$__["prisma"].events.create()` invocation in
C:\Users\Vitor Anjos\Downloads\lec-facom (3) (1)\lec-facom (3)\lec-facom (2)\lec-facom\lec-facom\.next\dev\server\chunks\[root-of-the-server]__f7121332._.js:558:165

  555 async function POST(req) {
  556     try {
  557         const data = await req.json();
→ 558         const event = await __TURBOPACK__imported__module__$5b$project$5d2f$src$2f$lib$2f$prisma$2e$ts__$5b$app$2d$route$5d$__$28$ecmascript$29$__["prisma"].events.create({
                data: {
                  title: "formatura",
                  description: "dwsdsds",
                  user_id: 5,
                  event_date: "2026-04-29T04:00:00.000Z",
                  images: [
                    {
                      image_url: "/uploads/1777146086439-158957084-WhatsApp_Image_2026-01-05_at_19.34.42.jpeg"
                    }
                  ]
                  ~~~~~~~~~~~~~~~~~~~~~~~~~~~~~~~~~~~~~~~~~~~~~~~~~~~~~~~~~~~~~~~~~~~~~~~~~~~~~~~~~~~~~~~~~~~~
                }
              })

Argument `images`: Invalid value provided. Expected event_imagesUncheckedCreateNestedManyWithoutEventInput, provided (Object).
 POST /api/events 500 in 85ms (compile: 1606µs, render: 83ms)
prisma:error 
Invalid `__TURBOPACK__imported__module__$5b$project$5d2f$src$2f$lib$2f$prisma$2e$ts__$5b$app$2d$route$5d$__$28$ecmascript$29$__["prisma"].events.create()` invocation in
C:\Users\Vitor Anjos\Downloads\lec-facom (3) (1)\lec-facom (3)\lec-facom (2)\lec-facom\lec-facom\.next\dev\server\chunks\[root-of-the-server]__f7121332._.js:558:165

  555 async function POST(req) {
  556     try {
  557         const data = await req.json();
→ 558         const event = await __TURBOPACK__imported__module__$5b$project$5d2f$src$2f$lib$2f$prisma$2e$ts__$5b$app$2d$route$5d$__$28$ecmascript$29$__["prisma"].events.create({
                data: {
                  title: "formatura",
                  description: "dwsdsds",
                  user_id: 5,
                  event_date: "2026-04-29T04:00:00.000Z",
                  images: [
                    {
                      image_url: "/uploads/1777146086439-158957084-WhatsApp_Image_2026-01-05_at_19.34.42.jpeg"
                    }
                  ]
                  ~~~~~~~~~~~~~~~~~~~~~~~~~~~~~~~~~~~~~~~~~~~~~~~~~~~~~~~~~~~~~~~~~~~~~~~~~~~~~~~~~~~~~~~~~~~~
                }
              })

Argument `images`: Invalid value provided. Expected event_imagesUncheckedCreateNestedManyWithoutEventInput, provided (Object).
 POST /api/events 500 in 82ms (compile: 1509µs, render: 80ms)
prisma:error 
Invalid `__TURBOPACK__imported__module__$5b$project$5d2f$src$2f$lib$2f$prisma$2e$ts__$5b$app$2d$route$5d$__$28$ecmascript$29$__["prisma"].events.create()` invocation in
C:\Users\Vitor Anjos\Downloads\lec-facom (3) (1)\lec-facom (3)\lec-facom (2)\lec-facom\lec-facom\.next\dev\server\chunks\[root-of-the-server]__f7121332._.js:558:165

  555 async function POST(req) {
  556     try {
  557         const data = await req.json();
→ 558         const event = await __TURBOPACK__imported__module__$5b$project$5d2f$src$2f$lib$2f$prisma$2e$ts__$5b$app$2d$route$5d$__$28$ecmascript$29$__["prisma"].events.create({
                data: {
                  title: "formatura",
                  description: "dwsdsds",
                  user_id: 5,
                  event_date: "2026-04-29T04:00:00.000Z",
                  images: [
                    {
                      image_url: "/uploads/1777146086439-158957084-WhatsApp_Image_2026-01-05_at_19.34.42.jpeg"
                    }
                  ]
                  ~~~~~~~~~~~~~~~~~~~~~~~~~~~~~~~~~~~~~~~~~~~~~~~~~~~~~~~~~~~~~~~~~~~~~~~~~~~~~~~~~~~~~~~~~~~~
                }
              })

Argument `images`: Invalid value provided. Expected event_imagesUncheckedCreateNestedManyWithoutEventInput, provided (Object).
 POST /api/events 500 in 79ms (compile: 1931µs, render: 77ms)
prisma:error 
Invalid `__TURBOPACK__imported__module__$5b$project$5d2f$src$2f$lib$2f$prisma$2e$ts__$5b$app$2d$route$5d$__$28$ecmascript$29$__["prisma"].events.create()` invocation in
C:\Users\Vitor Anjos\Downloads\lec-facom (3) (1)\lec-facom (3)\lec-facom (2)\lec-facom\lec-facom\.next\dev\server\chunks\[root-of-the-server]__f7121332._.js:558:165

  555 async function POST(req) {
  556     try {
  557         const data = await req.json();
→ 558         const event = await __TURBOPACK__imported__module__$5b$project$5d2f$src$2f$lib$2f$prisma$2e$ts__$5b$app$2d$route$5d$__$28$ecmascript$29$__["prisma"].events.create({
                data: {
                  title: "formatura",
                  description: "dwsdsds",
                  user_id: 5,
                  event_date: "2026-04-29T04:00:00.000Z",
                  images: [
                    {
                      image_url: "/uploads/1777146086439-158957084-WhatsApp_Image_2026-01-05_at_19.34.42.jpeg"
                    }
                  ]
                  ~~~~~~~~~~~~~~~~~~~~~~~~~~~~~~~~~~~~~~~~~~~~~~~~~~~~~~~~~~~~~~~~~~~~~~~~~~~~~~~~~~~~~~~~~~~~
                }
              })

Argument `images`: Invalid value provided. Expected event_imagesUncheckedCreateNestedManyWithoutEventInput, provided (Object).
 POST /api/events 500 in 76ms (compile: 1615µs, render: 74ms)
 GET /api/auth/session 200 in 36ms (compile: 16ms, render: 20ms)
 GET /events/add 200 in 105ms (compile: 4ms, render: 101ms)
 GET /api/auth/session 200 in 32ms (compile: 11ms, render: 22ms)
 GET /events/add 200 in 131ms (compile: 86ms, render: 45ms)
 GET /events/add 200 in 24ms (compile: 3ms, render: 22ms)
 GET /events/add 200 in 23ms (compile: 2ms, render: 20ms)
 GET /events/add 200 in 25ms (compile: 2ms, render: 23ms)
 GET /events/add 200 in 21ms (compile: 3ms, render: 19ms)
 GET /events/add 200 in 129ms (compile: 88ms, render: 41ms)
 GET /events/add 200 in 25ms (compile: 3ms, render: 23ms)
 GET /events/add 200 in 22ms (compile: 2ms, render: 19ms)
 GET /events/add 200 in 23ms (compile: 2ms, render: 21ms)
 GET /events/add 200 in 31ms (compile: 4ms, render: 28ms)
 GET /api/auth/session 200 in 77ms (compile: 56ms, render: 21ms)
 GET /api/auth/session 200 in 39ms (compile: 12ms, render: 27ms)
 GET /events/add 200 in 140ms (compile: 3ms, render: 137ms)
 GET /api/auth/session 200 in 46ms (compile: 7ms, render: 39ms)
 GET /contact 200 in 452ms (compile: 409ms, render: 44ms)
 GET /dashboard 200 in 130ms (compile: 84ms, render: 46ms)
prisma:query SELECT 1
prisma:query SELECT 1
prisma:query SELECT "public"."project"."id", "public"."project"."createdAt", "public"."project"."updatedAt", "public"."project"."title", "public"."project"."description", "public"."project"."content", "public"."project"."status"::text, "public"."project"."user_id" FROM "public"."project" WHERE 1=1 ORDER BY "public"."project"."createdAt" DESC LIMIT $1 OFFSET $2
prisma:query SELECT COUNT(*) AS "_count$_all" FROM (SELECT "public"."project"."id" FROM "public"."project" WHERE "public"."project"."status" = CAST($1::text AS "public"."project_status_type") OFFSET $2) AS "sub"
prisma:query SELECT "public"."users"."id", "public"."users"."name", "public"."users"."email", "public"."users"."password", "public"."users"."role"::text, "public"."users"."createdAt", "public"."users"."updatedAt" FROM "public"."users" WHERE 1=1 OFFSET $1
prisma:query SELECT "public"."news"."id", "public"."news"."user_id", "public"."news"."title", "public"."news"."description", "public"."news"."content", "public"."news"."news_date", "public"."news"."created_at", "public"."news"."updated_at" FROM "public"."news" WHERE 1=1 ORDER BY "public"."news"."created_at" DESC OFFSET $1
prisma:query SELECT "public"."users"."id", "public"."users"."name", "public"."users"."email", "public"."users"."password", "public"."users"."role"::text, "public"."users"."createdAt", "public"."users"."updatedAt" FROM "public"."users" WHERE "public"."users"."id" IN ($1) OFFSET $2
prisma:query SELECT "public"."news_images"."id", "public"."news_images"."news_id", "public"."news_images"."image_url", "public"."news_images"."caption", "public"."news_images"."created_at", "public"."news_images"."updated_at" FROM "public"."news_images" WHERE "public"."news_images"."news_id" IN ($1) OFFSET $2
prisma:query SELECT "public"."events"."id", "public"."events"."user_id", "public"."events"."title", "public"."events"."description", "public"."events"."event_date", "public"."events"."created_at", "public"."events"."updated_at" FROM "public"."events" WHERE 1=1 ORDER BY "public"."events"."event_date" DESC OFFSET $1
 GET /api/project?view=dashboard 200 in 172ms (compile: 46ms, render: 126ms)
 GET /api/user?view=dashboard 200 in 174ms (compile: 93ms, render: 82ms)
 GET /api/news 200 in 176ms (compile: 128ms, render: 48ms)
 GET /api/events 200 in 178ms (compile: 159ms, render: 19ms)
prisma:query SELECT COUNT(*) AS "_count$_all" FROM (SELECT "public"."project"."id" FROM "public"."project" WHERE "public"."project"."status" = CAST($1::text AS "public"."project_status_type") OFFSET $2) AS "sub"
prisma:query SELECT "public"."project"."id", "public"."project"."createdAt", "public"."project"."updatedAt", "public"."project"."title", "public"."project"."description", "public"."project"."content", "public"."project"."status"::text, "public"."project"."user_id" FROM "public"."project" WHERE 1=1 ORDER BY "public"."project"."createdAt" DESC LIMIT $1 OFFSET $2
prisma:query SELECT "public"."users"."id", "public"."users"."name", "public"."users"."email", "public"."users"."password", "public"."users"."role"::text, "public"."users"."createdAt", "public"."users"."updatedAt" FROM "public"."users" WHERE 1=1 OFFSET $1
prisma:query SELECT "public"."news"."id", "public"."news"."user_id", "public"."news"."title", "public"."news"."description", "public"."news"."content", "public"."news"."news_date", "public"."news"."created_at", "public"."news"."updated_at" FROM "public"."news" WHERE 1=1 ORDER BY "public"."news"."created_at" DESC OFFSET $1
prisma:query SELECT "public"."users"."id", "public"."users"."name", "public"."users"."email", "public"."users"."password", "public"."users"."role"::text, "public"."users"."createdAt", "public"."users"."updatedAt" FROM "public"."users" WHERE "public"."users"."id" IN ($1) OFFSET $2
prisma:query SELECT "public"."news_images"."id", "public"."news_images"."news_id", "public"."news_images"."image_url", "public"."news_images"."caption", "public"."news_images"."created_at", "public"."news_images"."updated_at" FROM "public"."news_images" WHERE "public"."news_images"."news_id" IN ($1) OFFSET $2
prisma:query SELECT "public"."events"."id", "public"."events"."user_id", "public"."events"."title", "public"."events"."description", "public"."events"."event_date", "public"."events"."created_at", "public"."events"."updated_at" FROM "public"."events" WHERE 1=1 ORDER BY "public"."events"."event_date" DESC OFFSET $1
 GET /api/project?view=dashboard 200 in 28ms (compile: 4ms, render: 24ms)
 GET /api/user?view=dashboard 200 in 29ms (compile: 10ms, render: 19ms)
 GET /api/news 200 in 44ms (compile: 14ms, render: 29ms)
 GET /api/events 200 in 45ms (compile: 19ms, render: 26ms)
 GET / 200 in 22ms (compile: 3ms, render: 19ms)
 GET /sobre 200 in 31ms (compile: 9ms, render: 23ms)
 GET /news 200 in 18ms (compile: 3ms, render: 15ms)
prisma:query SELECT 1
prisma:query SELECT "public"."news"."id", "public"."news"."user_id", "public"."news"."title", "public"."news"."description", "public"."news"."content", "public"."news"."news_date", "public"."news"."created_at", "public"."news"."updated_at" FROM "public"."news" WHERE 1=1 ORDER BY "public"."news"."created_at" DESC OFFSET $1
prisma:query SELECT "public"."users"."id", "public"."users"."name", "public"."users"."email", "public"."users"."password", "public"."users"."role"::text, "public"."users"."createdAt", "public"."users"."updatedAt" FROM "public"."users" WHERE "public"."users"."id" IN ($1) OFFSET $2
prisma:query SELECT "public"."news_images"."id", "public"."news_images"."news_id", "public"."news_images"."image_url", "public"."news_images"."caption", "public"."news_images"."created_at", "public"."news_images"."updated_at" FROM "public"."news_images" WHERE "public"."news_images"."news_id" IN ($1) OFFSET $2
prisma:query SELECT "public"."events"."id", "public"."events"."user_id", "public"."events"."title", "public"."events"."description", "public"."events"."event_date", "public"."events"."created_at", "public"."events"."updated_at" FROM "public"."events" WHERE 1=1 ORDER BY "public"."events"."event_date" DESC OFFSET $1
 GET /api/news 200 in 22ms (compile: 6ms, render: 17ms)
 GET /api/events 200 in 24ms (compile: 11ms, render: 13ms)
prisma:query SELECT "public"."news"."id", "public"."news"."user_id", "public"."news"."title", "public"."news"."description", "public"."news"."content", "public"."news"."news_date", "public"."news"."created_at", "public"."news"."updated_at" FROM "public"."news" WHERE 1=1 ORDER BY "public"."news"."created_at" DESC OFFSET $1
prisma:query SELECT "public"."users"."id", "public"."users"."name", "public"."users"."email", "public"."users"."password", "public"."users"."role"::text, "public"."users"."createdAt", "public"."users"."updatedAt" FROM "public"."users" WHERE "public"."users"."id" IN ($1) OFFSET $2
prisma:query SELECT "public"."news_images"."id", "public"."news_images"."news_id", "public"."news_images"."image_url", "public"."news_images"."caption", "public"."news_images"."created_at", "public"."news_images"."updated_at" FROM "public"."news_images" WHERE "public"."news_images"."news_id" IN ($1) OFFSET $2
prisma:query SELECT "public"."events"."id", "public"."events"."user_id", "public"."events"."title", "public"."events"."description", "public"."events"."event_date", "public"."events"."created_at", "public"."events"."updated_at" FROM "public"."events" WHERE 1=1 ORDER BY "public"."events"."event_date" DESC OFFSET $1
 GET /api/news 200 in 12ms (compile: 2ms, render: 10ms)
 GET /api/events 200 in 13ms (compile: 6ms, render: 7ms)
 GET /projects 200 in 15ms (compile: 3ms, render: 12ms)
prisma:query SELECT "public"."project"."id", "public"."project"."createdAt", "public"."project"."updatedAt", "public"."project"."title", "public"."project"."description", "public"."project"."content", "public"."project"."status"::text, "public"."project"."user_id" FROM "public"."project" WHERE 1=1 OFFSET $1
prisma:query SELECT "public"."project_images"."id", "public"."project_images"."project_id", "public"."project_images"."image_url", "public"."project_images"."caption", "public"."project_images"."created_at", "public"."project_images"."updated_at" FROM "public"."project_images" WHERE "public"."project_images"."project_id" IN ($1,$2,$3) OFFSET $4
prisma:query SELECT "public"."_projectToproject_tags"."A", "public"."_projectToproject_tags"."B" FROM "public"."_projectToproject_tags" WHERE "public"."_projectToproject_tags"."A" IN ($1,$2,$3)
prisma:query SELECT "public"."users"."id", "public"."users"."name", "public"."users"."email", "public"."users"."password", "public"."users"."role"::text, "public"."users"."createdAt", "public"."users"."updatedAt" FROM "public"."users" WHERE "public"."users"."id" IN ($1) OFFSET $2
 GET /api/project 200 in 75ms (compile: 3ms, render: 72ms)
prisma:query SELECT "public"."project"."id", "public"."project"."createdAt", "public"."project"."updatedAt", "public"."project"."title", "public"."project"."description", "public"."project"."content", "public"."project"."status"::text, "public"."project"."user_id" FROM "public"."project" WHERE 1=1 OFFSET $1
prisma:query SELECT "public"."project_images"."id", "public"."project_images"."project_id", "public"."project_images"."image_url", "public"."project_images"."caption", "public"."project_images"."created_at", "public"."project_images"."updated_at" FROM "public"."project_images" WHERE "public"."project_images"."project_id" IN ($1,$2,$3) OFFSET $4
prisma:query SELECT "public"."_projectToproject_tags"."A", "public"."_projectToproject_tags"."B" FROM "public"."_projectToproject_tags" WHERE "public"."_projectToproject_tags"."A" IN ($1,$2,$3)
prisma:query SELECT "public"."users"."id", "public"."users"."name", "public"."users"."email", "public"."users"."password", "public"."users"."role"::text, "public"."users"."createdAt", "public"."users"."updatedAt" FROM "public"."users" WHERE "public"."users"."id" IN ($1) OFFSET $2
 GET /api/project 200 in 9ms (compile: 2ms, render: 6ms)
 GET /resources 200 in 13ms (compile: 3ms, render: 10ms)
prisma:query SELECT "public"."project"."id", "public"."project"."createdAt", "public"."project"."updatedAt", "public"."project"."title", "public"."project"."description", "public"."project"."content", "public"."project"."status"::text, "public"."project"."user_id" FROM "public"."project" WHERE 1=1 OFFSET $1
prisma:query SELECT "public"."project_images"."id", "public"."project_images"."project_id", "public"."project_images"."image_url", "public"."project_images"."caption", "public"."project_images"."created_at", "public"."project_images"."updated_at" FROM "public"."project_images" WHERE "public"."project_images"."project_id" IN ($1,$2,$3) OFFSET $4
prisma:query SELECT "public"."_projectToproject_tags"."A", "public"."_projectToproject_tags"."B" FROM "public"."_projectToproject_tags" WHERE "public"."_projectToproject_tags"."A" IN ($1,$2,$3)
prisma:query SELECT "public"."users"."id", "public"."users"."name", "public"."users"."email", "public"."users"."password", "public"."users"."role"::text, "public"."users"."createdAt", "public"."users"."updatedAt" FROM "public"."users" WHERE "public"."users"."id" IN ($1) OFFSET $2
 GET /api/project 200 in 10ms (compile: 3ms, render: 7ms)
prisma:query SELECT "public"."project"."id", "public"."project"."createdAt", "public"."project"."updatedAt", "public"."project"."title", "public"."project"."description", "public"."project"."content", "public"."project"."status"::text, "public"."project"."user_id" FROM "public"."project" WHERE 1=1 OFFSET $1
prisma:query SELECT "public"."project_images"."id", "public"."project_images"."project_id", "public"."project_images"."image_url", "public"."project_images"."caption", "public"."project_images"."created_at", "public"."project_images"."updated_at" FROM "public"."project_images" WHERE "public"."project_images"."project_id" IN ($1,$2,$3) OFFSET $4
prisma:query SELECT "public"."_projectToproject_tags"."A", "public"."_projectToproject_tags"."B" FROM "public"."_projectToproject_tags" WHERE "public"."_projectToproject_tags"."A" IN ($1,$2,$3)
prisma:query SELECT "public"."users"."id", "public"."users"."name", "public"."users"."email", "public"."users"."password", "public"."users"."role"::text, "public"."users"."createdAt", "public"."users"."updatedAt" FROM "public"."users" WHERE "public"."users"."id" IN ($1) OFFSET $2
 GET /api/project 200 in 9ms (compile: 3ms, render: 6ms)
 GET /contact 200 in 23ms (compile: 2ms, render: 20ms)
 GET / 200 in 17ms (compile: 2ms, render: 15ms)
 GET /sobre 200 in 20ms (compile: 2ms, render: 18ms)
 GET /news 200 in 13ms (compile: 2ms, render: 10ms)
prisma:query SELECT "public"."news"."id", "public"."news"."user_id", "public"."news"."title", "public"."news"."description", "public"."news"."content", "public"."news"."news_date", "public"."news"."created_at", "public"."news"."updated_at" FROM "public"."news" WHERE 1=1 ORDER BY "public"."news"."created_at" DESC OFFSET $1
prisma:query SELECT "public"."users"."id", "public"."users"."name", "public"."users"."email", "public"."users"."password", "public"."users"."role"::text, "public"."users"."createdAt", "public"."users"."updatedAt" FROM "public"."users" WHERE "public"."users"."id" IN ($1) OFFSET $2
prisma:query SELECT "public"."news_images"."id", "public"."news_images"."news_id", "public"."news_images"."image_url", "public"."news_images"."caption", "public"."news_images"."created_at", "public"."news_images"."updated_at" FROM "public"."news_images" WHERE "public"."news_images"."news_id" IN ($1) OFFSET $2
prisma:query SELECT "public"."events"."id", "public"."events"."user_id", "public"."events"."title", "public"."events"."description", "public"."events"."event_date", "public"."events"."created_at", "public"."events"."updated_at" FROM "public"."events" WHERE 1=1 ORDER BY "public"."events"."event_date" DESC OFFSET $1
 GET /api/news 200 in 16ms (compile: 3ms, render: 13ms)
 GET /api/events 200 in 18ms (compile: 7ms, render: 11ms)
prisma:query SELECT "public"."news"."id", "public"."news"."user_id", "public"."news"."title", "public"."news"."description", "public"."news"."content", "public"."news"."news_date", "public"."news"."created_at", "public"."news"."updated_at" FROM "public"."news" WHERE 1=1 ORDER BY "public"."news"."created_at" DESC OFFSET $1
prisma:query SELECT "public"."users"."id", "public"."users"."name", "public"."users"."email", "public"."users"."password", "public"."users"."role"::text, "public"."users"."createdAt", "public"."users"."updatedAt" FROM "public"."users" WHERE "public"."users"."id" IN ($1) OFFSET $2
prisma:query SELECT "public"."news_images"."id", "public"."news_images"."news_id", "public"."news_images"."image_url", "public"."news_images"."caption", "public"."news_images"."created_at", "public"."news_images"."updated_at" FROM "public"."news_images" WHERE "public"."news_images"."news_id" IN ($1) OFFSET $2
prisma:query SELECT "public"."events"."id", "public"."events"."user_id", "public"."events"."title", "public"."events"."description", "public"."events"."event_date", "public"."events"."created_at", "public"."events"."updated_at" FROM "public"."events" WHERE 1=1 ORDER BY "public"."events"."event_date" DESC OFFSET $1
 GET /api/news 200 in 12ms (compile: 3ms, render: 9ms)
 GET /api/events 200 in 12ms (compile: 6ms, render: 6ms)
 GET /projects 200 in 14ms (compile: 3ms, render: 12ms)
prisma:query SELECT "public"."project"."id", "public"."project"."createdAt", "public"."project"."updatedAt", "public"."project"."title", "public"."project"."description", "public"."project"."content", "public"."project"."status"::text, "public"."project"."user_id" FROM "public"."project" WHERE 1=1 OFFSET $1
prisma:query SELECT "public"."project_images"."id", "public"."project_images"."project_id", "public"."project_images"."image_url", "public"."project_images"."caption", "public"."project_images"."created_at", "public"."project_images"."updated_at" FROM "public"."project_images" WHERE "public"."project_images"."project_id" IN ($1,$2,$3) OFFSET $4
prisma:query SELECT "public"."_projectToproject_tags"."A", "public"."_projectToproject_tags"."B" FROM "public"."_projectToproject_tags" WHERE "public"."_projectToproject_tags"."A" IN ($1,$2,$3)
prisma:query SELECT "public"."users"."id", "public"."users"."name", "public"."users"."email", "public"."users"."password", "public"."users"."role"::text, "public"."users"."createdAt", "public"."users"."updatedAt" FROM "public"."users" WHERE "public"."users"."id" IN ($1) OFFSET $2
 GET /api/project 200 in 8ms (compile: 2ms, render: 6ms)
prisma:query SELECT "public"."project"."id", "public"."project"."createdAt", "public"."project"."updatedAt", "public"."project"."title", "public"."project"."description", "public"."project"."content", "public"."project"."status"::text, "public"."project"."user_id" FROM "public"."project" WHERE 1=1 OFFSET $1
prisma:query SELECT "public"."project_images"."id", "public"."project_images"."project_id", "public"."project_images"."image_url", "public"."project_images"."caption", "public"."project_images"."created_at", "public"."project_images"."updated_at" FROM "public"."project_images" WHERE "public"."project_images"."project_id" IN ($1,$2,$3) OFFSET $4
prisma:query SELECT "public"."_projectToproject_tags"."A", "public"."_projectToproject_tags"."B" FROM "public"."_projectToproject_tags" WHERE "public"."_projectToproject_tags"."A" IN ($1,$2,$3)
prisma:query SELECT "public"."users"."id", "public"."users"."name", "public"."users"."email", "public"."users"."password", "public"."users"."role"::text, "public"."users"."createdAt", "public"."users"."updatedAt" FROM "public"."users" WHERE "public"."users"."id" IN ($1) OFFSET $2
 GET /api/project 200 in 9ms (compile: 2ms, render: 7ms)
 GET /resources 200 in 12ms (compile: 2ms, render: 10ms)
prisma:query SELECT "public"."project"."id", "public"."project"."createdAt", "public"."project"."updatedAt", "public"."project"."title", "public"."project"."description", "public"."project"."content", "public"."project"."status"::text, "public"."project"."user_id" FROM "public"."project" WHERE 1=1 OFFSET $1
prisma:query SELECT "public"."project_images"."id", "public"."project_images"."project_id", "public"."project_images"."image_url", "public"."project_images"."caption", "public"."project_images"."created_at", "public"."project_images"."updated_at" FROM "public"."project_images" WHERE "public"."project_images"."project_id" IN ($1,$2,$3) OFFSET $4
prisma:query SELECT "public"."_projectToproject_tags"."A", "public"."_projectToproject_tags"."B" FROM "public"."_projectToproject_tags" WHERE "public"."_projectToproject_tags"."A" IN ($1,$2,$3)
prisma:query SELECT "public"."users"."id", "public"."users"."name", "public"."users"."email", "public"."users"."password", "public"."users"."role"::text, "public"."users"."createdAt", "public"."users"."updatedAt" FROM "public"."users" WHERE "public"."users"."id" IN ($1) OFFSET $2
 GET /api/project 200 in 8ms (compile: 1529µs, render: 6ms)
prisma:query SELECT "public"."project"."id", "public"."project"."createdAt", "public"."project"."updatedAt", "public"."project"."title", "public"."project"."description", "public"."project"."content", "public"."project"."status"::text, "public"."project"."user_id" FROM "public"."project" WHERE 1=1 OFFSET $1
prisma:query SELECT "public"."project_images"."id", "public"."project_images"."project_id", "public"."project_images"."image_url", "public"."project_images"."caption", "public"."project_images"."created_at", "public"."project_images"."updated_at" FROM "public"."project_images" WHERE "public"."project_images"."project_id" IN ($1,$2,$3) OFFSET $4
prisma:query SELECT "public"."_projectToproject_tags"."A", "public"."_projectToproject_tags"."B" FROM "public"."_projectToproject_tags" WHERE "public"."_projectToproject_tags"."A" IN ($1,$2,$3)
prisma:query SELECT "public"."users"."id", "public"."users"."name", "public"."users"."email", "public"."users"."password", "public"."users"."role"::text, "public"."users"."createdAt", "public"."users"."updatedAt" FROM "public"."users" WHERE "public"."users"."id" IN ($1) OFFSET $2
 GET /api/project 200 in 9ms (compile: 3ms, render: 5ms)
 GET /contact 200 in 21ms (compile: 2ms, render: 18ms)
 GET / 200 in 17ms (compile: 2ms, render: 15ms)
 GET /sobre 200 in 20ms (compile: 2ms, render: 18ms)
 GET /news 200 in 14ms (compile: 2ms, render: 11ms)
prisma:query SELECT "public"."news"."id", "public"."news"."user_id", "public"."news"."title", "public"."news"."description", "public"."news"."content", "public"."news"."news_date", "public"."news"."created_at", "public"."news"."updated_at" FROM "public"."news" WHERE 1=1 ORDER BY "public"."news"."created_at" DESC OFFSET $1
prisma:query SELECT "public"."users"."id", "public"."users"."name", "public"."users"."email", "public"."users"."password", "public"."users"."role"::text, "public"."users"."createdAt", "public"."users"."updatedAt" FROM "public"."users" WHERE "public"."users"."id" IN ($1) OFFSET $2
prisma:query SELECT "public"."news_images"."id", "public"."news_images"."news_id", "public"."news_images"."image_url", "public"."news_images"."caption", "public"."news_images"."created_at", "public"."news_images"."updated_at" FROM "public"."news_images" WHERE "public"."news_images"."news_id" IN ($1) OFFSET $2
prisma:query SELECT "public"."events"."id", "public"."events"."user_id", "public"."events"."title", "public"."events"."description", "public"."events"."event_date", "public"."events"."created_at", "public"."events"."updated_at" FROM "public"."events" WHERE 1=1 ORDER BY "public"."events"."event_date" DESC OFFSET $1
 GET /api/news 200 in 16ms (compile: 2ms, render: 13ms)
 GET /api/events 200 in 17ms (compile: 7ms, render: 10ms)
prisma:query SELECT "public"."news"."id", "public"."news"."user_id", "public"."news"."title", "public"."news"."description", "public"."news"."content", "public"."news"."news_date", "public"."news"."created_at", "public"."news"."updated_at" FROM "public"."news" WHERE 1=1 ORDER BY "public"."news"."created_at" DESC OFFSET $1
prisma:query SELECT "public"."users"."id", "public"."users"."name", "public"."users"."email", "public"."users"."password", "public"."users"."role"::text, "public"."users"."createdAt", "public"."users"."updatedAt" FROM "public"."users" WHERE "public"."users"."id" IN ($1) OFFSET $2
prisma:query SELECT "public"."news_images"."id", "public"."news_images"."news_id", "public"."news_images"."image_url", "public"."news_images"."caption", "public"."news_images"."created_at", "public"."news_images"."updated_at" FROM "public"."news_images" WHERE "public"."news_images"."news_id" IN ($1) OFFSET $2
prisma:query SELECT "public"."events"."id", "public"."events"."user_id", "public"."events"."title", "public"."events"."description", "public"."events"."event_date", "public"."events"."created_at", "public"."events"."updated_at" FROM "public"."events" WHERE 1=1 ORDER BY "public"."events"."event_date" DESC OFFSET $1
 GET /api/news 200 in 13ms (compile: 2ms, render: 11ms)
 GET /api/events 200 in 14ms (compile: 7ms, render: 7ms)
 GET /projects 200 in 18ms (compile: 3ms, render: 15ms)
prisma:query SELECT "public"."project"."id", "public"."project"."createdAt", "public"."project"."updatedAt", "public"."project"."title", "public"."project"."description", "public"."project"."content", "public"."project"."status"::text, "public"."project"."user_id" FROM "public"."project" WHERE 1=1 OFFSET $1
prisma:query SELECT "public"."project_images"."id", "public"."project_images"."project_id", "public"."project_images"."image_url", "public"."project_images"."caption", "public"."project_images"."created_at", "public"."project_images"."updated_at" FROM "public"."project_images" WHERE "public"."project_images"."project_id" IN ($1,$2,$3) OFFSET $4
prisma:query SELECT "public"."_projectToproject_tags"."A", "public"."_projectToproject_tags"."B" FROM "public"."_projectToproject_tags" WHERE "public"."_projectToproject_tags"."A" IN ($1,$2,$3)
prisma:query SELECT "public"."users"."id", "public"."users"."name", "public"."users"."email", "public"."users"."password", "public"."users"."role"::text, "public"."users"."createdAt", "public"."users"."updatedAt" FROM "public"."users" WHERE "public"."users"."id" IN ($1) OFFSET $2
 GET /api/project 200 in 9ms (compile: 2ms, render: 7ms)
prisma:query SELECT "public"."project"."id", "public"."project"."createdAt", "public"."project"."updatedAt", "public"."project"."title", "public"."project"."description", "public"."project"."content", "public"."project"."status"::text, "public"."project"."user_id" FROM "public"."project" WHERE 1=1 OFFSET $1
prisma:query SELECT "public"."project_images"."id", "public"."project_images"."project_id", "public"."project_images"."image_url", "public"."project_images"."caption", "public"."project_images"."created_at", "public"."project_images"."updated_at" FROM "public"."project_images" WHERE "public"."project_images"."project_id" IN ($1,$2,$3) OFFSET $4
prisma:query SELECT "public"."_projectToproject_tags"."A", "public"."_projectToproject_tags"."B" FROM "public"."_projectToproject_tags" WHERE "public"."_projectToproject_tags"."A" IN ($1,$2,$3)
prisma:query SELECT "public"."users"."id", "public"."users"."name", "public"."users"."email", "public"."users"."password", "public"."users"."role"::text, "public"."users"."createdAt", "public"."users"."updatedAt" FROM "public"."users" WHERE "public"."users"."id" IN ($1) OFFSET $2
 GET /api/project 200 in 9ms (compile: 2ms, render: 7ms)
 GET /contact 200 in 18ms (compile: 2ms, render: 16ms)
 GET /resources 200 in 13ms (compile: 2ms, render: 11ms)
prisma:query SELECT "public"."project"."id", "public"."project"."createdAt", "public"."project"."updatedAt", "public"."project"."title", "public"."project"."description", "public"."project"."content", "public"."project"."status"::text, "public"."project"."user_id" FROM "public"."project" WHERE 1=1 OFFSET $1
prisma:query SELECT "public"."project_images"."id", "public"."project_images"."project_id", "public"."project_images"."image_url", "public"."project_images"."caption", "public"."project_images"."created_at", "public"."project_images"."updated_at" FROM "public"."project_images" WHERE "public"."project_images"."project_id" IN ($1,$2,$3) OFFSET $4
prisma:query SELECT "public"."_projectToproject_tags"."A", "public"."_projectToproject_tags"."B" FROM "public"."_projectToproject_tags" WHERE "public"."_projectToproject_tags"."A" IN ($1,$2,$3)
prisma:query SELECT "public"."users"."id", "public"."users"."name", "public"."users"."email", "public"."users"."password", "public"."users"."role"::text, "public"."users"."createdAt", "public"."users"."updatedAt" FROM "public"."users" WHERE "public"."users"."id" IN ($1) OFFSET $2
 GET /api/project 200 in 9ms (compile: 3ms, render: 6ms)
prisma:query SELECT "public"."project"."id", "public"."project"."createdAt", "public"."project"."updatedAt", "public"."project"."title", "public"."project"."description", "public"."project"."content", "public"."project"."status"::text, "public"."project"."user_id" FROM "public"."project" WHERE 1=1 OFFSET $1
prisma:query SELECT "public"."project_images"."id", "public"."project_images"."project_id", "public"."project_images"."image_url", "public"."project_images"."caption", "public"."project_images"."created_at", "public"."project_images"."updated_at" FROM "public"."project_images" WHERE "public"."project_images"."project_id" IN ($1,$2,$3) OFFSET $4
prisma:query SELECT "public"."_projectToproject_tags"."A", "public"."_projectToproject_tags"."B" FROM "public"."_projectToproject_tags" WHERE "public"."_projectToproject_tags"."A" IN ($1,$2,$3)
prisma:query SELECT "public"."users"."id", "public"."users"."name", "public"."users"."email", "public"."users"."password", "public"."users"."role"::text, "public"."users"."createdAt", "public"."users"."updatedAt" FROM "public"."users" WHERE "public"."users"."id" IN ($1) OFFSET $2
 GET /api/project 200 in 8ms (compile: 1979µs, render: 6ms)
 GET / 200 in 16ms (compile: 2ms, render: 13ms)
[?25h
